time,vx_soccp,vx_4dpgs,vz_soccp,vz_4dpgs,omega_soccp,omega_4dpgs,slip_soccp,slip_4dpgs,yaw_soccp,yaw_4dpgs,lambda_n_soccp,lambda_n_4dpgs,lambda_tx_soccp,lambda_tx_4dpgs,lambda_tz_soccp,lambda_tz_4dpgs,lambda_tau_soccp,lambda_tau_4dpgs,raw_residual_soccp,raw_residual_4dpgs,scaled_residual_soccp,scaled_residual_4dpgs,complementarity_soccp,complementarity_4dpgs,iterations_soccp,iterations_4dpgs
0.0050000000,0.6437949583,0.6446082735,-0.3466588237,-0.3470967627,7.4387737465,7.4377877714,0.0036559687,0.0036605873,0.0371938687,0.0371889389,23.5440000000,23.5440000000,-2.9784200010,-2.5880287099,1.6037646159,1.3935539207,-9.2918776393,-9.4415121446,0.0000000000,0.0000000000,0.0000000000,0.0000000000,0.0000000000,0.0000000000,7.0000000000,2.0000000000
0.0100000000,0.6375976207,0.6392165470,-0.3433217958,-0.3441935253,7.3775374251,7.3755755428,0.0072767441,0.0072905563,0.0740815559,0.0740668166,23.5440000000,23.5440000000,-2.9747220550,-2.5880287099,1.6017734142,1.3935539207,-9.2934055833,-9.4415121446,0.0000000000,0.0000000000,0.0000000000,0.0000000000,0.0000000000,0.0000000000,4.0000000000,1.0000000000
0.0150000000,0.6314080452,0.6338248206,-0.3399889474,-0.3412902880,7.3162909741,7.3133633142,0.0108623703,0.0108899068,0.1106630107,0.1106336331,23.5440000000,23.5440000000,-2.9709962418,-2.5880287099,1.5997672071,1.3935539207,-9.2949428683,-9.4415121446,0.0000000000,0.0000000000,0.0000000000,0.0000000000,0.0000000000,0.0000000000,4.0000000000,1.0000000000
0.0200000000,0.6252262908,0.6284330941,-0.3366603104,-0.3383870507,7.2550343312,7.2511510856,0.0144128917,0.0144586389,0.1469381824,0.1468893886,23.5440000000,23.5440000000,-2.9672421183,-2.5880287099,1.5977457560,1.3935539207,-9.2964896289,-9.4415121446,0.0000000000,0.0000000000,0.0000000000,0.0000000000,0.0000000000,0.0000000000,4.0000000000,1.0000000000
0.0250000000,0.6190524174,0.6230413676,-0.3333359171,-0.3354838133,7.1937674330,7.1889388570,0.0179283530,0.0179967526,0.1829070195,0.1828340829,23.5440000000,23.5440000000,-2.9634592304,-2.5880287099,1.5957088164,1.3935539207,-9.2980460030,-9.4415121446,0.0000000000,0.0000000000,0.0000000000,0.0000000000,0.0000000000,0.0000000000,4.0000000000,1.0000000000
0.0300000000,0.6128864859,0.6176496411,-0.3300158001,-0.3325805760,7.1324902152,7.1267266284,0.0214087993,0.0215042478,0.2185694706,0.2184677160,23.5440000000,23.5440000000,-2.9596471128,-2.5880287099,1.5936561377,1.3935539207,-9.2996121313,-9.4415121446,0.0000000000,0.0000000000,0.0000000000,0.0000000000,0.0000000000,0.0000000000,4.0000000000,1.0000000000
0.0350000000,0.6067285582,0.6122579146,-0.3266999929,-0.3296773387,7.0712026127,7.0645143998,0.0248542762,0.0249811246,0.2539254837,0.2537902880,23.5440000000,23.5440000000,-2.9558052884,-2.5880287099,1.5915874630,1.3935539207,-9.3011881582,-9.4415121446,0.0000000000,0.0000000000,0.0000000000,0.0000000000,0.0000000000,0.0000000000,4.0000000000,1.0000000000
0.0400000000,0.6005786973,0.6068661882,-0.3233885293,-0.3267741013,7.0099045591,7.0023021712,0.0282648293,0.0284273831,0.2889750065,0.2888017989,23.5440000000,23.5440000000,-2.9519332685,-2.5880287099,1.5895025292,1.3935539207,-9.3027742313,-9.4415121446,0.0000000000,0.0000000000,0.0000000000,0.0000000000,0.0000000000,0.0000000000,4.0000000000,1.0000000000
0.0450000000,0.5944369669,0.6014744617,-0.3200814437,-0.3238708640,6.9485959874,6.9400899426,0.0316405050,0.0318430231,0.3237179864,0.3235022486,23.5440000000,23.5440000000,-2.9480305515,-2.5880287099,1.5874010662,1.3935539207,-9.3043705017,-9.4415121446,0.0000000000,0.0000000000,0.0000000000,0.0000000000,0.0000000000,0.0000000000,4.0000000000,1.0000000000
0.0500000000,0.5883034323,0.5960827352,-0.3167787712,-0.3209676267,6.8872768292,6.8778777140,0.0349813496,0.0352280446,0.3581543706,0.3578916371,23.5440000000,23.5440000000,-2.9440966232,-2.5880287099,1.5852827971,1.3935539207,-9.3059771242,-9.4415121446,0.0000000000,0.0000000000,0.0000000000,0.0000000000,0.0000000000,0.0000000000,4.0000000000,1.0000000000
0.0550000000,0.5821781595,0.5906910087,-0.3134805474,-0.3180643893,6.8259470155,6.8156654854,0.0382874102,0.0385824478,0.3922841056,0.3919699646,23.5440000000,23.5440000000,-2.9401309563,-2.5880287099,1.5831474380,1.3935539207,-9.3075942574,-9.4415121446,0.0000000000,0.0000000000,0.0000000000,0.0000000000,0.0000000000,0.0000000000,4.0000000000,1.0000000000
0.0600000000,0.5760612157,0.5852992823,-0.3101868085,-0.3151611520,6.7646064757,6.7534532568,0.0415587340,0.0419062326,0.4261071380,0.4257372308,23.5440000000,23.5440000000,-2.9361330092,-2.5880287099,1.5809946973,1.3935539207,-9.3092220636,-9.4415121446,0.0000000000,0.0000000000,0.0000000000,0.0000000000,0.0000000000,0.0000000000,4.0000000000,1.0000000000
0.0650000000,0.5699526694,0.5799075558,-0.3068975912,-0.3122579146,6.7032551385,6.6912410282,0.0447953687,0.0451993989,0.4596234137,0.4591934360,23.5440000000,23.5440000000,-2.9321022267,-2.5880287099,1.5788242759,1.3935539207,-9.3108607093,-9.4415121446,0.0000000000,0.0000000000,0.0000000000,0.0000000000,0.0000000000,0.0000000000,4.0000000000,1.0000000000
0.0700000000,0.5638525902,0.5745158293,-0.3036129332,-0.3093546773,6.6418929314,6.6290287996,0.0479973625,0.0484619468,0.4928328784,0.4923385800,23.5440000000,23.5440000000,-2.9280380383,-2.5880287099,1.5766358668,1.3935539207,-9.3125103651,-9.4415121446,0.0000000000,0.0000000000,0.0000000000,0.0000000000,0.0000000000,0.0000000000,4.0000000000,1.0000000000
0.0750000000,0.5577610488,0.5691241028,-0.3003328724,-0.3064514400,6.5805197807,6.5668165710,0.0511647637,0.0516938763,0.5257354773,0.5251726628,23.5440000000,23.5440000000,-2.9239398584,-2.5880287099,1.5744291545,1.3935539207,-9.3141712059,-9.4415121446,0.0000000000,0.0000000000,0.0000000000,0.0000000000,0.0000000000,0.0000000000,4.0000000000,1.0000000000
0.0800000000,0.5516781174,0.5637323763,-0.2970574478,-0.3035482026,6.5191356114,6.5046043424,0.0542976213,0.0548951874,0.5583311553,0.5576956846,23.5440000000,23.5440000000,-2.9198070856,-2.5880287099,1.5722038153,1.3935539207,-9.3158434109,-9.4415121446,0.0000000000,0.0000000000,0.0000000000,0.0000000000,0.0000000000,0.0000000000,4.0000000000,1.0000000000
0.0850000000,0.5456038692,0.5583406499,-0.2937866988,-0.3006449653,6.4577403475,6.4423921138,0.0573959846,0.0580658800,0.5906198571,0.5899076451,23.5440000000,23.5440000000,-2.9156391021,-2.5880287099,1.5699595165,1.3935539207,-9.3175271641,-9.4415121446,0.0000000000,0.0000000000,0.0000000000,0.0000000000,0.0000000000,0.0000000000,4.0000000000,1.0000000000
0.0900000000,0.5395383791,0.5529489234,-0.2905206657,-0.2977417280,6.3963339116,6.3801798852,0.0604599034,0.0612059543,0.6226015266,0.6218085445,23.5440000000,23.5440000000,-2.9114352728,-2.5880287099,1.5676959161,1.3935539207,-9.3192226541,-9.4415121446,0.0000000000,0.0000000000,0.0000000000,0.0000000000,0.0000000000,0.0000000000,4.0000000000,1.0000000000
0.0950000000,0.5334817229,0.5475571969,-0.2872593893,-0.2948384906,6.3349162251,6.3179676566,0.0634894277,0.0643154101,0.6542761078,0.6533983828,23.5440000000,23.5440000000,-2.9071949453,-2.5880287099,1.5654126628,1.3935539207,-9.3209300746,-9.4415121446,0.0000000000,0.0000000000,0.0000000000,0.0000000000,0.0000000000,0.0000000000,4.0000000000,1.0000000000
0.1000000000,0.5274339783,0.5421654704,-0.2840029114,-0.2919352533,6.2734872082,6.2557554280,0.0664846082,0.0673942475,0.6856435438,0.6846771600,23.5440000000,23.5440000000,-2.9029174484,-2.5880287099,1.5631093953,1.3935539207,-9.3226496243,-9.4415121446,0.0000000000,0.0000000000,0.0000000000,0.0000000000,0.0000000000,0.0000000000,4.0000000000,1.0000000000
0.1050000000,0.5213952239,0.5367737439,-0.2807512744,-0.2890320160,6.2120467795,6.1935431994,0.0694454960,0.0704424665,0.7167037777,0.7156448760,23.5440000000,23.5440000000,-2.8986020921,-2.5880287099,1.5607857419,1.3935539207,-9.3243815071,-9.4415121446,0.0000000000,0.0000000000,0.0000000000,0.0000000000,0.0000000000,0.0000000000,4.0000000000,1.0000000000
0.1100000000,0.5153655402,0.5313820175,-0.2775045217,-0.2861287786,6.1505948563,6.1313309708,0.0723721425,0.0734600670,0.7474567520,0.7463015308,23.5440000000,23.5440000000,-2.8942481667,-2.5880287099,1.5584413205,1.3935539207,-9.3261259326,-9.4415121446,0.0000000000,0.0000000000,0.0000000000,0.0000000000,0.0000000000,0.0000000000,4.0000000000,1.0000000000
0.1150000000,0.5093450091,0.5259902910,-0.2742626972,-0.2832255413,6.0891313548,6.0691187422,0.0752645998,0.0764470492,0.7779024087,0.7766471245,23.5440000000,23.5440000000,-2.8898549416,-2.5880287099,1.5560757378,1.3935539207,-9.3278831160,-9.4415121446,0.0000000000,0.0000000000,0.0000000000,0.0000000000,0.0000000000,0.0000000000,4.0000000000,1.0000000000
0.1200000000,0.5033337140,0.5205985645,-0.2710258460,-0.2803223040,6.0276561892,6.0069065136,0.0781229203,0.0794034129,0.8080406897,0.8066816571,23.5440000000,23.5440000000,-2.8854216650,-2.5880287099,1.5536885889,1.3935539207,-9.3296532783,-9.4415121446,0.0000000000,0.0000000000,0.0000000000,0.0000000000,0.0000000000,0.0000000000,4.0000000000,1.0000000000
0.1250000000,0.4973317399,0.5152068380,-0.2677940138,-0.2774190666,5.9661692726,5.9446942850,0.0809471569,0.0823291582,0.8378715361,0.8364051285,23.5440000000,23.5440000000,-2.8809475630,-2.5880287099,1.5512794570,1.3935539207,-9.3314366469,-9.4415121446,0.0000000000,0.0000000000,0.0000000000,0.0000000000,0.0000000000,0.0000000000,4.0000000000,1.0000000000
0.1300000000,0.4913391735,0.5098151115,-0.2645672473,-0.2745158293,5.9046705164,5.8824820564,0.0837373630,0.0852242851,0.8673948886,0.8658175388,23.5440000000,23.5440000000,-2.8764318383,-2.5880287099,1.5488479129,1.3935539207,-9.3332334554,-9.4415121446,0.0000000000,0.0000000000,0.0000000000,0.0000000000,0.0000000000,0.0000000000,4.0000000000,1.0000000000
0.1350000000,0.4853561034,0.5044233851,-0.2613455941,-0.2716125920,5.8431598305,5.8202698278,0.0864935926,0.0880887936,0.8966106878,0.8949188879,23.5440000000,23.5440000000,-2.8718736697,-2.5880287099,1.5463935145,1.3935539207,-9.3350439439,-9.4415121446,0.0000000000,0.0000000000,0.0000000000,0.0000000000,0.0000000000,0.0000000000,4.0000000000,1.0000000000
0.1400000000,0.4793826196,0.4990316586,-0.2581291029,-0.2687093546,5.7816371231,5.7580575992,0.0892159002,0.0909226836,0.9255188734,0.9237091759,23.5440000000,23.5440000000,-2.8672722109,-2.5880287099,1.5439158059,1.3935539207,-9.3368683595,-9.4415121446,0.0000000000,0.0000000000,0.0000000000,0.0000000000,0.0000000000,0.0000000000,4.0000000000,1.0000000000
0.1450000000,0.4734188142,0.4936399321,-0.2549178230,-0.2658061173,5.7201023008,5.6958453706,0.0919043405,0.0937259552,0.9541193849,0.9521884028,23.5440000000,23.5440000000,-2.8626265893,-2.5880287099,1.5414143173,1.3935539207,-9.3387069567,-9.4415121446,0.0000000000,0.0000000000,0.0000000000,0.0000000000,0.0000000000,0.0000000000,4.0000000000,1.0000000000
0.1500000000,0.4674647811,0.4882482056,-0.2517118052,-0.2629028800,5.6585552685,5.6336331420,0.0945589693,0.0964986085,0.9824121613,0.9803565685,23.5440000000,23.5440000000,-2.8579359055,-2.5880287099,1.5388885645,1.3935539207,-9.3405599969,-9.4415121446,0.0000000000,0.0000000000,0.0000000000,0.0000000000,0.0000000000,0.0000000000,4.0000000000,1.0000000000
0.1550000000,0.4615206160,0.4828564792,-0.2485111009,-0.2599996426,5.5969959290,5.5714209134,0.0971798425,0.0992406433,1.0103971409,1.0082136731,23.5440000000,23.5440000000,-2.8531992313,-2.5880287098,1.5363380476,1.3935539207,-9.3424277498,-9.4415121446,0.0000000000,0.0000000000,0.0000000000,0.0000000000,0.0000000000,0.0000000000,4.0000000000,1.0000000000
0.1600000000,0.4555864168,0.4774647527,-0.2453157629,-0.2570964053,5.5354241838,5.5092086848,0.0997670166,0.1019520596,1.0380742618,1.0357597165,23.5440000000,23.5440000000,-2.8484156093,-2.5880287098,1.5337622511,1.3935539207,-9.3443104927,-9.4415121446,0.0000000000,0.0000000000,0.0000000000,0.0000000000,0.0000000000,0.0000000000,4.0000000000,1.0000000000
0.1650000000,0.4496622834,0.4720730262,-0.2421258449,-0.2541931680,5.4738399321,5.4469964562,0.1023205490,0.1046328576,1.0654434615,1.0629946988,23.5440000000,23.5440000000,-2.8435840508,-2.5880287098,1.5311606428,1.3935539207,-9.3462085116,-9.4415121446,0.0000000000,0.0000000000,0.0000000000,0.0000000000,0.0000000000,0.0000000000,4.0000000000,1.0000000000
0.1700000000,0.4437483177,0.4666812997,-0.2389414018,-0.2512899306,5.4122430713,5.3847842277,0.1048404972,0.1072830372,1.0925046768,1.0899186199,23.5440000000,23.5440000000,-2.8387035354,-2.5880287098,1.5285326729,1.3935539207,-9.3481221011,-9.4415121446,0.0000000000,0.0000000000,0.0000000000,0.0000000000,0.0000000000,0.0000000000,4.0000000000,1.0000000000
0.1750000000,0.4378446239,0.4612895732,-0.2357624898,-0.2483866933,5.3506334968,5.3225719991,0.1073269197,0.1099025983,1.1192578443,1.1165314799,23.5440000000,23.5440000000,-2.8337730086,-2.5880287098,1.5258777738,1.3935539207,-9.3500515649,-9.4415121447,0.0000000000,0.0000000000,0.0000000000,0.0000000000,0.0000000000,0.0000000000,4.0000000000,1.0000000000
0.1800000000,0.4319513086,0.4558978468,-0.2325891661,-0.2454834559,5.2890111021,5.2603597705,0.1097798753,0.1124915410,1.1457028998,1.1428332788,23.5440000000,23.5440000000,-2.8287913809,-2.5880287098,1.5231953590,1.3935539207,-9.3519972162,-9.4415121447,0.0000000000,0.0000000000,0.0000000000,0.0000000000,0.0000000000,0.0000000000,4.0000000000,1.0000000000
0.1850000000,0.4260684804,0.4505061203,-0.2294214894,-0.2425802186,5.2273757782,5.1981475419,0.1121994236,0.1150498653,1.1718397787,1.1688240165,23.5440000000,23.5440000000,-2.8237575262,-2.5880287098,1.5204848218,1.3935539207,-9.3539593783,-9.4415121447,0.0000000000,0.0000000000,0.0000000000,0.0000000000,0.0000000000,0.0000000000,4.0000000000,1.0000000000
0.1900000000,0.4201962506,0.4451143938,-0.2262595196,-0.2396769813,5.1657274142,5.1359353133,0.1145856249,0.1175775711,1.1976684158,1.1945036930,23.5440000000,23.5440000000,-2.8186702795,-2.5880287098,1.5177455351,1.3935539207,-9.3559383846,-9.4415121447,0.0000000000,0.0000000000,0.0000000000,0.0000000000,0.0000000000,0.0000000000,4.0000000000,1.0000000000
0.1950000000,0.4143347331,0.4397226673,-0.2231033178,-0.2367737439,5.1040658968,5.0737230847,0.1169385399,0.1200746586,1.2231887453,1.2198723085,23.5440000000,23.5440000000,-2.8135284361,-2.5880287098,1.5149768502,1.3935539207,-9.3579345794,-9.4415121447,0.0000000000,0.0000000000,0.0000000000,0.0000000000,0.0000000000,0.0000000000,4.0000000000,1.0000000000
0.2000000000,0.4084840440,0.4343309408,-0.2199529468,-0.2338705066,5.0423911104,5.0115108561,0.1192582302,0.1225411276,1.2484007008,1.2449298627,23.5440000000,23.5440000000,-2.8083307487,-2.5880287098,1.5121780955,1.3935539207,-9.3599483184,-9.4415121447,0.0000000000,0.0000000000,0.0000000000,0.0000000000,0.0000000000,0.0000000000,4.0000000000,1.0000000000
0.2050000000,0.4026443025,0.4289392144,-0.2168084706,-0.2309672693,4.9807029370,4.9492986275,0.1215447578,0.1249769783,1.2733042155,1.2696763559,23.5440000000,23.5440000000,-2.8030759261,-2.5880287098,1.5093485756,1.3935539207,-9.3619799690,-9.4415121447,0.0000000000,0.0000000000,0.0000000000,0.0000000000,0.0000000000,0.0000000000,4.0000000000,1.0000000000
0.2100000000,0.3968156303,0.4235474879,-0.2136699548,-0.2280640319,4.9190012562,4.8870863989,0.1237981857,0.1273822105,1.2978992218,1.2941117879,23.5440000000,23.5440000000,-2.7977626307,-2.5880287098,1.5064875704,1.3935539207,-9.3640299109,-9.4415121447,0.0000000000,0.0000000000,0.0000000000,0.0000000000,0.0000000000,0.0000000000,4.0000000000,1.0000000000
0.2150000000,0.3909981523,0.4181557614,-0.2105374666,-0.2251607946,4.8572859446,4.8248741703,0.1260185775,0.1297568242,1.3221856515,1.3182361587,23.5440000000,23.5440000000,-2.7923894762,-2.5880287098,1.5035943334,1.3935539207,-9.3660985370,-9.4415121447,0.0000000000,0.0000000000,0.0000000000,0.0000000000,0.0000000000,0.0000000000,4.0000000000,1.0000000000
0.2200000000,0.3851919960,0.4127640349,-0.2074110747,-0.2222575573,4.7955568767,4.7626619417,0.1282059973,0.1321008196,1.3461634359,1.3420494684,23.5440000000,23.5440000000,-2.7869550257,-2.5880287098,1.5006680908,1.3935539207,-9.3681862533,-9.4415121447,0.0000000000,0.0000000000,0.0000000000,0.0000000000,0.0000000000,0.0000000000,4.0000000000,1.0000000000
0.2250000000,0.3793972922,0.4073723085,-0.2042908497,-0.2193543199,4.7338139237,4.7004497131,0.1303605104,0.1344141965,1.3698325055,1.3655517170,23.5440000000,23.5440000000,-2.7814577884,-2.5880287098,1.4977080399,1.3935539207,-9.3702934804,-9.4415121447,0.0000000000,0.0000000000,0.0000000000,0.0000000000,0.0000000000,0.0000000000,4.0000000000,1.0000000000
0.2300000000,0.3736141751,0.4019805820,-0.2011768635,-0.2164510826,4.6720569544,4.6382374845,0.1324821824,0.1366969551,1.3931927903,1.3887429044,23.5440000000,23.5440000000,-2.7758962174,-2.5880287098,1.4947133478,1.3935539207,-9.3724206536,-9.4415121447,0.0000000000,0.0000000000,0.0000000000,0.0000000000,0.0000000000,0.0000000000,4.0000000000,1.0000000000
0.2350000000,0.3678427820,0.3965888555,-0.1980691903,-0.2135478453,4.6102858342,4.5760252559,0.1345710799,0.1389490952,1.4162442195,1.4116230307,23.5440000000,23.5440000000,-2.7702687066,-2.5880287098,1.4916831497,1.3935539207,-9.3745682239,-9.4415121447,0.0000000000,0.0000000000,0.0000000000,0.0000000000,0.0000000000,0.0000000000,4.0000000000,1.0000000000
0.2400000000,0.3620832537,0.3911971290,-0.1949679058,-0.2106446079,4.5485004257,4.5138130273,0.1366272704,0.1411706169,1.4389867216,1.4341920958,23.5440000000,23.5440000000,-2.7645735878,-2.5880287098,1.4886165473,1.3935539207,-9.3767366585,-9.4415121447,0.0000000000,0.0000000000,0.0000000000,0.0000000000,0.0000000000,0.0000000000,4.0000000000,1.0000000000
0.2450000000,0.3563357346,0.3858054025,-0.1918730879,-0.2077413706,4.4867005883,4.4516007987,0.1386508219,0.1433615201,1.4614202245,1.4564500998,23.5440000000,23.5440000000,-2.7588091270,-2.5880287098,1.4855126069,1.3935539207,-9.3789264421,-9.4415121447,0.0000000000,0.0000000000,0.0000000000,0.0000000000,0.0000000000,0.0000000000,4.0000000000,1.0000000000
0.2500000000,0.3506003731,0.3804136761,-0.1887848163,-0.2048381333,4.4248861779,4.3893885701,0.1406418036,0.1455218050,1.4835446554,1.4783970427,23.5440000000,23.5440000000,-2.7529735214,-2.5880287098,1.4823703577,1.3935539207,-9.3811380772,-9.4415121447,0.0000000000,0.0000000000,0.0000000000,0.0000000000,0.0000000000,0.0000000000,4.0000000000,1.0000000000
0.2550000000,0.3448773213,0.3750219496,-0.1857031730,-0.2019348959,4.3630570471,4.3271763415,0.1426002854,0.1476514714,1.5053599407,1.5000329244,23.5440000000,23.5440000000,-2.7470648952,-2.5880287098,1.4791887897,1.3935539207,-9.3833720856,-9.4415121447,0.0000000000,0.0000000000,0.0000000000,0.0000000000,0.0000000000,0.0000000000,4.0000000000,1.0000000000
0.2600000000,0.3391667352,0.3696302231,-0.1826282421,-0.1990316586,4.3012130449,4.2649641129,0.1445263380,0.1497505194,1.5268660059,1.5213577450,23.5440000000,23.5440000000,-2.7410812958,-2.5880287098,1.4759668516,1.3935539207,-9.3856290089,-9.4415121447,0.0000000000,0.0000000000,0.0000000000,0.0000000000,0.0000000000,0.0000000000,4.0000000000,1.0000000000
0.2650000000,0.3334687755,0.3642384966,-0.1795601099,-0.1961284213,4.2393540167,4.2027518843,0.1464200332,0.1518189490,1.5480627760,1.5423715044,23.5440000000,23.5440000000,-2.7350206894,-2.5880287098,1.4727034482,1.3935539207,-9.3879094101,-9.4415121447,0.0000000000,0.0000000000,0.0000000000,0.0000000000,0.0000000000,0.0000000000,4.0000000000,1.0000000000
0.2700000000,0.3277836068,0.3588467701,-0.1764988652,-0.1932251839,4.1774798038,4.1405396557,0.1482814436,0.1538567602,1.5689501750,1.5630742027,23.5440000000,23.5440000000,-2.7288809566,-2.5880287098,1.4693974382,1.3935539207,-9.3902138742,-9.4415121447,0.0000000000,0.0000000000,0.0000000000,0.0000000000,0.0000000000,0.0000000000,4.0000000000,1.0000000000
0.2750000000,0.3221113987,0.3534550437,-0.1734445993,-0.1903219466,4.1155902438,4.0783274271,0.1501106427,0.1558639530,1.5895281262,1.5834658398,23.5440000000,23.5440000000,-2.7226598871,-2.5880287098,1.4660476315,1.3935539207,-9.3925430099,-9.4415121447,0.0000000000,0.0000000000,0.0000000000,0.0000000000,0.0000000000,0.0000000000,4.0000000000,1.0000000000
0.2800000000,0.3164523254,0.3480633172,-0.1703974060,-0.1874187093,4.0536851698,4.0161151985,0.1519077053,0.1578405273,1.6097965521,1.6035464158,23.5440000000,23.5440000000,-2.7163551745,-2.5880287098,1.4626527863,1.3935539207,-9.3948974504,-9.4415121447,0.0000000000,0.0000000000,0.0000000000,0.0000000000,0.0000000000,0.0000000000,4.0000000000,1.0000000000
0.2850000000,0.3108065663,0.3426715907,-0.1673573818,-0.1845154719,3.9917644108,3.9539029699,0.1536727068,0.1597864832,1.6297553741,1.6233159306,23.5440000000,23.5440000000,-2.7099644109,-2.5880287098,1.4592116059,1.3935539207,-9.3972778554,-9.4415121447,0.0000000000,0.0000000000,0.0000000000,0.0000000000,0.0000000000,0.0000000000,4.0000000000,1.0000000000
0.2900000000,0.3051743057,0.3372798642,-0.1643246261,-0.1816122346,3.9298277912,3.8916907413,0.1554057240,0.1617018207,1.6494045131,1.6427743843,23.5440000000,23.5440000000,-2.7034850804,-2.5880287098,1.4557227356,1.3935539207,-9.3996849121,-9.4415121447,0.0000000000,0.0000000000,0.0000000000,0.0000000000,0.0000000000,0.0000000000,4.0000000000,1.0000000000
0.2950000000,0.2995557337,0.3318881377,-0.1612992412,-0.1787089972,3.8678751306,3.8294785127,0.1571068345,0.1635865398,1.6687438887,1.6619217769,23.5440000000,23.5440000000,-2.6969145525,-2.5880287098,1.4521847590,1.3935539206,-9.4021193373,-9.4415121447,0.0000000000,0.0000000000,0.0000000000,0.0000000000,0.0000000000,0.0000000000,4.0000000000,1.0000000000
0.3000000000,0.2939510460,0.3264964113,-0.1582813325,-0.1758057599,3.8059062437,3.7672662841,0.1587761173,0.1654406405,1.6877734199,1.6807581083,23.5440000000,23.5440000000,-2.6902500751,-2.5880287098,1.4485961943,1.3935539206,-9.4045818785,-9.4415121447,0.0000000000,0.0000000000,0.0000000000,0.0000000000,0.0000000000,0.0000000000,4.0000000000,1.0000000000
0.3050000000,0.2883604444,0.3211046848,-0.1552710085,-0.1729025226,3.7439209402,3.7050540555,0.1604136523,0.1672641228,1.7064930246,1.6992833786,23.5440000000,23.5440000000,-2.6834887667,-2.5880287098,1.4449554897,1.3935539206,-9.4070733165,-9.4415121447,0.0000000000,0.0000000000,0.0000000000,0.0000000000,0.0000000000,0.0000000000,4.0000000000,1.0000000000
0.3100000000,0.2827841369,0.3157129583,-0.1522683814,-0.1699992852,3.6819190243,3.6428418269,0.1620195206,0.1690569866,1.7249026198,1.7174975877,23.5440000000,23.5440000000,-2.6766276081,-2.5880287098,1.4412610197,1.3935539206,-9.4095944669,-9.4415121447,0.0000000000,0.0000000000,0.0000000000,0.0000000000,0.0000000000,0.0000000000,4.0000000000,1.0000000000
0.3150000000,0.2772223381,0.3103212318,-0.1492735667,-0.1670960479,3.6199002946,3.5806295983,0.1635938048,0.1708192320,1.7430021212,1.7354007357,23.5440000000,23.5440000000,-2.6696634333,-2.5880287098,1.4375110795,1.3935539206,-9.4121461824,-9.4415121447,0.0000000000,0.0000000000,0.0000000000,0.0000000000,0.0000000000,0.0000000000,4.0000000000,1.0000000000
0.3200000000,0.2716752695,0.3049295054,-0.1462866836,-0.1641928106,3.5578645438,3.5184173697,0.1651365883,0.1725508590,1.7607914439,1.7529928226,23.5440000000,23.5440000000,-2.6625929200,-2.5880287098,1.4337038800,1.3935539206,-9.4147293555,-9.4415121447,0.0000000000,0.0000000000,0.0000000000,0.0000000000,0.0000000000,0.0000000000,4.0000000000,1.0000000000
0.3250000000,0.2661431600,0.2995377789,-0.1433078554,-0.1612895732,3.4958115584,3.4562051411,0.1666479563,0.1742518676,1.7782705017,1.7702738483,23.5440000000,23.5440000000,-2.6554125784,-2.5880287098,1.4298375422,1.3935539206,-9.4173449205,-9.4415121447,0.0000000000,0.0000000000,0.0000000000,0.0000000000,0.0000000000,0.0000000000,4.0000000000,1.0000000000
0.3300000000,0.2606262459,0.2941460524,-0.1403372093,-0.1583863359,3.4337411186,3.3939929125,0.1681279949,0.1759222577,1.7954392073,1.7872438128,23.5440000000,23.5440000000,-2.6481187403,-2.5880287098,1.4259100910,1.3935539206,-9.4199938567,-9.4415121447,0.0000000000,0.0000000000,0.0000000000,0.0000000000,0.0000000000,0.0000000000,4.0000000000,1.0000000000
0.3350000000,0.2551247719,0.2887543259,-0.1373748772,-0.1554830986,3.3716529977,3.3317806839,0.1695767919,0.1775620295,1.8122974723,1.8039027163,23.5440000000,23.5440000000,-2.6407075462,-2.5880287098,1.4219194480,1.3935539206,-9.4226771912,-9.4415121447,0.0000000000,0.0000000000,0.0000000000,0.0000000000,0.0000000000,0.0000000000,4.0000000000,1.0000000000
0.3400000000,0.2496389908,0.2833625994,-0.1344209950,-0.1525798612,3.3095469620,3.2695684553,0.1709944363,0.1791711828,1.8288452071,1.8202505585,23.5440000000,23.5440000000,-2.6331749315,-2.5880287097,1.4178634246,1.3935539206,-9.4253960023,-9.4415121447,0.0000000000,0.0000000000,0.0000000000,0.0000000000,0.0000000000,0.0000000000,4.0000000000,1.0000000000
0.3450000000,0.2441691645,0.2779708730,-0.1314757040,-0.1496766239,3.2474227701,3.2073562267,0.1723810188,0.1807497177,1.8450823210,1.8362873397,23.5440000000,23.5440000000,-2.6255166117,-2.5880287097,1.4137397140,1.3935539206,-9.4281514229,-9.4415121447,0.0000000000,0.0000000000,0.0000000000,0.0000000000,0.0000000000,0.0000000000,4.0000000000,1.0000000000
0.3500000000,0.2387155644,0.2725791465,-0.1285391500,-0.1467733866,3.1852801732,3.1451439981,0.1737366315,0.1822976342,1.8610087218,1.8520130597,23.5440000000,23.5440000000,-2.6177280663,-2.5880287097,1.4095458818,1.3935539206,-9.4309446445,-9.4415121447,0.0000000000,0.0000000000,0.0000000000,0.0000000000,0.0000000000,0.0000000000,4.0000000000,1.0000000000
0.3550000000,0.2332784716,0.2671874200,-0.1256114847,-0.1438701492,3.1231189137,3.0829317695,0.1750613682,0.1838149323,1.8766243164,1.8674277185,23.5440000000,23.5440000000,-2.6098045202,-2.5880287097,1.4052793571,1.3935539206,-9.4337769215,-9.4415121447,0.0000000000,0.0000000000,0.0000000000,0.0000000000,0.0000000000,0.0000000000,4.0000000000,1.0000000000
0.3600000000,0.2278581780,0.2617956935,-0.1226928651,-0.1409669119,3.0609387256,3.0207195409,0.1763553242,0.1853016119,1.8919290100,1.8825313162,23.5440000000,23.5440000000,-2.6017409249,-2.5880287097,1.4009374211,1.3935539206,-9.4366495756,-9.4415121447,0.0000000000,0.0000000000,0.0000000000,0.0000000000,0.0000000000,0.0000000000,4.0000000000,1.0000000000
0.3650000000,0.2224549865,0.2564039670,-0.1197834543,-0.1380636746,2.9987393338,2.9585073123,0.1776185967,0.1867576732,1.9069227067,1.8973238528,23.5440000000,23.5440000000,-2.5935319361,-2.5880287097,1.3965171964,1.3935539206,-9.4395640009,-9.4415121447,0.0000000000,0.0000000000,0.0000000000,0.0000000000,0.0000000000,0.0000000000,4.0000000000,1.0000000000
0.3700000000,0.2170692117,0.2510122406,-0.1168834217,-0.1351604372,2.9365204532,2.8962950837,0.1788512846,0.1881831160,1.9216053090,1.9118053282,23.5440000000,23.5440000000,-2.5851718903,-2.5880287097,1.3920156333,1.3935539206,-9.4425216698,-9.4415121447,0.0000000000,0.0000000000,0.0000000000,0.0000000000,0.0000000000,0.0000000000,4.0000000000,1.0000000000
0.3750000000,0.2117011809,0.2456205141,-0.1139929436,-0.1322571999,2.8742817887,2.8340828551,0.1800534886,0.1895779404,1.9359767179,1.9259757425,23.5440000000,23.5440000000,-2.5766547786,-2.5880287097,1.3874294961,1.3935539206,-9.4455241388,-9.4415121447,0.0000000000,0.0000000000,0.0000000000,0.0000000000,0.0000000000,0.0000000000,4.0000000000,1.0000000000
0.3800000000,0.2063512346,0.2402287876,-0.1111122033,-0.1293539626,2.8120230342,2.7718706265,0.1812253115,0.1909421463,1.9500368331,1.9398350956,23.5440000000,23.5440000000,-2.5679742171,-2.5880287097,1.3827553477,1.3935539206,-9.4485730552,-9.4415121447,0.0000000000,0.0000000000,0.0000000000,0.0000000000,0.0000000000,0.0000000000,4.0000000000,1.0000000000
0.3850000000,0.2010197275,0.2348370611,-0.1082413917,-0.1264507252,2.7497438721,2.7096583979,0.1823668579,0.1922757339,1.9637855525,1.9533833876,23.5440000000,23.5440000000,-2.5591234156,-2.5880287097,1.3779895315,1.3935539206,-9.4516701649,-9.4415121447,0.0000000000,0.0000000000,0.0000000000,0.0000000000,0.0000000000,0.0000000000,4.0000000000,1.0000000000
0.3900000000,0.1957070293,0.2294453347,-0.1053807081,-0.1235474879,2.6874439727,2.6474461693,0.1834782347,0.1935787030,1.9772227723,1.9666206184,23.5440000000,23.5440000000,-2.5500951408,-2.5880287097,1.3731281528,1.3935539206,-9.4548173202,-9.4415121447,0.0000000000,0.0000000000,0.0000000000,0.0000000000,0.0000000000,0.0000000000,4.0000000000,1.0000000000
0.3950000000,0.1904135258,0.2240536082,-0.1025303601,-0.1206442506,2.6251229933,2.5852339407,0.1845595509,0.1948510538,1.9903483873,1.9795467881,23.5440000000,23.5440000000,-2.5408816774,-2.5880287097,1.3681670570,1.3935539206,-9.4580164895,-9.4415121447,0.0000000000,0.0000000000,0.0000000000,0.0000000000,0.0000000000,0.0000000000,4.0000000000,1.0000000000
0.4000000000,0.1851396200,0.2186618817,-0.0996905646,-0.1177410132,2.5627805773,2.5230217121,0.1856109177,0.1960927861,2.0031622902,1.9921618967,23.5440000000,23.5440000000,-2.5314747828,-2.5880287097,1.3631018061,1.3935539206,-9.4612697668,-9.4415121447,0.0000000000,0.0000000000,0.0000000000,0.0000000000,0.0000000000,0.0000000000,4.0000000000,1.0000000000
0.4050000000,0.1798857333,0.2132701552,-0.0968615487,-0.1148377759,2.5004163536,2.4608094835,0.1866324489,0.1973039000,2.0156643719,2.0044659441,23.5440000000,23.5440000000,-2.5218656382,-2.5880287097,1.3579276513,1.3935539206,-9.4645793835,-9.4415121447,0.0000000000,0.0000000000,0.0000000000,0.0000000000,0.0000000000,0.0000000000,4.0000000000,1.0000000000
0.4100000000,0.1746523066,0.2078784287,-0.0940435497,-0.1119345386,2.4380299351,2.3985972549,0.1876242606,0.1984843954,2.0278545216,2.0164589304,23.5440000000,23.5440000000,-2.5120447921,-2.5880287097,1.3526395034,1.3935539206,-9.4679477209,-9.4415121447,0.0000000000,0.0000000000,0.0000000000,0.0000000000,0.0000000000,0.0000000000,4.0000000000,1.0000000000
0.4150000000,0.1694398022,0.2024867023,-0.0912368166,-0.1090313012,2.3756209181,2.3363850263,0.1885864716,0.1996342725,2.0397326262,2.0281408555,23.5440000000,23.5440000000,-2.5020020982,-2.5880287097,1.3472318990,1.3935539206,-9.4713773244,-9.4415121447,0.0000000000,0.0000000000,0.0000000000,0.0000000000,0.0000000000,0.0000000000,4.0000000000,1.0000000000
0.4200000000,0.1642487051,0.1970949758,-0.0884416104,-0.1061280639,2.3131888811,2.2741727977,0.1895192036,0.2007535311,2.0512985706,2.0395117195,23.5440000000,23.5440000000,-2.4917266439,-2.5880287097,1.3416989621,1.3935539206,-9.4748709193,-9.4415121447,0.0000000000,0.0000000000,0.0000000000,0.0000000000,0.0000000000,0.0000000000,4.0000000000,1.0000000000
0.4250000000,0.1590795245,0.1917032493,-0.0856582055,-0.1032248265,2.2507333831,2.2119605691,0.1904225809,0.2018421713,2.0625522375,2.0505715224,23.5440000000,23.5440000000,-2.4812066708,-2.5880287097,1.3360343612,1.3935539206,-9.4784314289,-9.4415121447,0.0000000000,0.0000000000,0.0000000000,0.0000000000,0.0000000000,0.0000000000,4.0000000000,1.0000000000
0.4300000000,0.1539327964,0.1863115228,-0.0828868904,-0.1003215892,2.1882539625,2.1497483405,0.1912967311,0.2029001931,2.0734935073,2.0613202641,23.5440000000,23.5440000000,-2.4704294833,-2.5880287097,1.3302312603,1.3935539206,-9.4820619948,-9.4415121447,0.0000000000,0.0000000000,0.0000000000,0.0000000000,0.0000000000,0.0000000000,4.0000000000,1.0000000000
0.4350000000,0.1488090853,0.1809197963,-0.0801279690,-0.0974183519,2.1257501354,2.0875361119,0.1921417848,0.2039275965,2.0841222580,2.0717579446,23.5440000000,23.5440000000,-2.4593813454,-2.5880287097,1.3242822629,1.3935539206,-9.4857659995,-9.4415121447,0.0000000000,0.0000000000,0.0000000000,0.0000000000,0.0000000000,0.0000000000,4.0000000000,1.0000000000
0.4400000000,0.1437089866,0.1755280699,-0.0773817620,-0.0945151145,2.0632213938,2.0253238833,0.1929578763,0.2049243815,2.0944383650,2.0818845640,23.5440000000,23.5440000000,-2.4480473615,-2.5880287097,1.3181793485,1.3935539206,-9.4895470931,-9.4415121447,0.0000000000,0.0000000000,0.0000000000,0.0000000000,0.0000000000,0.0000000000,4.0000000000,1.0000000000
0.4450000000,0.1386331296,0.1701363434,-0.0746486083,-0.0916118772,2.0006672038,1.9631116547,0.1937451431,0.2058905480,2.1044417010,2.0917001223,23.5440000000,23.5440000000,-2.4364113411,-2.5880287096,1.3119137991,1.3935539206,-9.4934092228,-9.4415121447,0.0000000000,0.0000000000,0.0000000000,0.0000000000,0.0000000000,0.0000000000,4.0000000000,1.0000000000
0.4500000000,0.1335821804,0.1647446169,-0.0719288664,-0.0887086399,1.9380870032,1.9008994261,0.1945037266,0.2068260961,2.1141321360,2.1012046194,23.5440000000,23.5440000000,-2.4244556416,-2.5880287096,1.3054761147,1.3935539206,-9.4973566673,-9.4415121447,0.0000000000,0.0000000000,0.0000000000,0.0000000000,0.0000000000,0.0000000000,4.0000000000,1.0000000000
0.4550000000,0.1285568450,0.1593528904,-0.0692229165,-0.0858054025,1.8754801992,1.8386871975,0.1952337724,0.2077310258,2.1235095370,2.1103980554,23.5440000000,23.5440000000,-2.4121609872,-2.5880287096,1.2988559162,1.3935539206,-9.5013940762,-9.4415121447,0.0000000000,0.0000000000,0.0000000000,0.0000000000,0.0000000000,0.0000000000,4.0000000000,1.0000000000
0.4600000000,0.1235578736,0.1539611640,-0.0665311627,-0.0829021652,1.8128461657,1.7764749689,0.1959354302,0.2086053371,2.1325737678,2.1192804303,23.5440000000,23.5440000000,-2.3995062577,-2.5880287096,1.2920418310,1.3935539206,-9.5055265155,-9.4415121447,0.0000000000,0.0000000000,0.0000000000,0.0000000000,0.0000000000,0.0000000000,4.0000000000,1.0000000000
0.4650000000,0.1185860648,0.1485694375,-0.0638540349,-0.0799989279,1.7501842399,1.7142627403,0.1966088541,0.2094490300,2.1413246890,2.1278517440,23.5440000000,23.5440000000,-2.3864682422,-2.5880287096,1.2850213612,1.3935539206,-9.5097595207,-9.4415121447,0.0000000000,0.0000000000,0.0000000000,0.0000000000,0.0000000000,0.0000000000,4.0000000000,1.0000000000
0.4700000000,0.1136422703,0.1431777110,-0.0611919917,-0.0770956905,1.6874937193,1.6520505117,0.1972542034,0.2102621044,2.1497621576,2.1361119965,23.5440000000,23.5440000000,-2.3730213499,-2.5880287096,1.2777807269,1.3935539206,-9.5140991585,-9.4415121447,0.0000000000,0.0000000000,0.0000000000,0.0000000000,0.0000000000,0.0000000000,4.0000000000,1.0000000000
0.4750000000,0.1087274010,0.1377859845,-0.0585455236,-0.0741924532,1.6247738572,1.5898382831,0.1978716421,0.2110445605,2.1578860269,2.1440611880,23.5440000000,23.5440000000,-2.3591372687,-2.5880287096,1.2703046831,1.3935539206,-9.5185520994,-9.4415121447,0.0000000000,0.0000000000,0.0000000000,0.0000000000,0.0000000000,0.0000000000,4.0000000000,1.0000000000
0.4800000000,0.1038424332,0.1323942580,-0.0559151563,-0.0712892159,1.5620238587,1.5276260545,0.1984613403,0.2117963981,2.1656961462,2.1516993182,23.5440000000,23.5440000000,-2.3447845587,-2.5880287096,1.2625763008,1.3935539206,-9.5231257037,-9.4415121447,0.0000000000,0.0000000000,0.0000000000,0.0000000000,0.0000000000,0.0000000000,4.0000000000,1.0000000000
0.4850000000,0.0989884162,0.1270025316,-0.0533014549,-0.0683859785,1.4992428749,1.4654138259,0.1990234735,0.2125176173,2.1731923606,2.1590263874,23.5440000000,23.5440000000,-2.3299281680,-2.5880287096,1.2545767058,1.3935539206,-9.5278281225,-9.4415121447,0.0000000000,0.0000000000,0.0000000000,0.0000000000,0.0000000000,0.0000000000,4.0000000000,1.0000000000
0.4900000000,0.0941664811,0.1216108051,-0.0507050283,-0.0654827412,1.4364299972,1.4032015973,0.1995582241,0.2132082180,2.1803745106,2.1660423953,23.5440000000,23.5440000000,-2.3145288485,-2.5880287096,1.2462847646,1.3935539205,-9.5326684200,-9.4415121447,0.0000000000,0.0000000000,0.0000000000,0.0000000000,0.0000000000,0.0000000000,4.0000000000,1.0000000000
0.4950000000,0.0893778510,0.1162190786,-0.0481265351,-0.0625795039,1.3735842506,1.3409893687,0.2000657811,0.2138682004,2.1872424318,2.1727473422,23.5440000000,23.5440000000,-2.2985424485,-2.5880287096,1.2376767030,1.3935539205,-9.5376567196,-9.4415121447,0.0000000000,0.0000000000,0.0000000000,0.0000000000,0.0000000000,0.0000000000,4.0000000000,1.0000000000
0.5000000000,0.0846238529,0.1108273521,-0.0455666900,-0.0596762665,1.3107045849,1.2787771401,0.2005463411,0.2144975643,2.1937959548,2.1791412279,23.5440000000,23.5440000000,-2.2819190476,-2.5880287096,1.2287256410,1.3935539205,-9.5428043818,-9.4415121447,0.0000000000,0.0000000000,0.0000000000,0.0000000000,0.0000000000,0.0000000000,4.0000000000,1.0000000000
0.5050000000,0.0799059323,0.1054356257,-0.0430262713,-0.0567730292,1.2477898655,1.2165649115,0.2010001092,0.2150963099,2.2000349041,2.1852240524,23.5440000000,23.5440000000,-2.2646018908,-2.5880287096,1.2194010181,1.3935539205,-9.5481242212,-9.4415121448,0.0000000000,0.0000000000,0.0000000000,0.0000000000,0.0000000000,0.0000000000,4.0000000000,1.0000000000
0.5100000000,0.0752256697,0.1000438992,-0.0405061298,-0.0538697919,1.1848388623,1.1543526829,0.2014272991,0.2156644370,2.2059590984,2.1909958159,23.5440000000,23.5440000000,-2.2465260611,-2.5880287095,1.2096678791,1.3935539205,-9.5536307752,-9.4415121448,0.0000000000,0.0000000000,0.0000000000,0.0000000000,0.0000000000,0.0000000000,4.0000000000,1.0000000000
0.5150000000,0.0705848014,0.0946521727,-0.0380072007,-0.0509665545,1.1218502355,1.0921404543,0.2018281345,0.2162019457,2.2115683496,2.1964565181,23.5440000000,23.5440000000,-2.2276168116,-2.5880287095,1.1994859755,1.3935539205,-9.5593406387,-9.4415121448,0.0000000000,0.0000000000,0.0000000000,0.0000000000,0.0000000000,0.0000000000,4.0000000000,1.0000000000
0.5200000000,0.0659852442,0.0892604462,-0.0355305161,-0.0480633172,1.0588225197,1.0299282257,0.2022028501,0.2167088359,2.2168624622,2.2016061593,23.5440000000,23.5440000000,-2.2077874426,-2.5880287095,1.1888086229,1.3935539205,-9.5652728856,-9.4415121448,0.0000000000,0.0000000000,0.0000000000,0.0000000000,0.0000000000,0.0000000000,4.0000000000,1.0000000000
0.5250000000,0.0614291263,0.0838687197,-0.0330772219,-0.0451600799,0.9957541042,0.9677159971,0.2025516925,0.2171851078,2.2218412327,2.2064447392,23.5440000000,23.5440000000,-2.1869365683,-2.5880287095,1.1775812291,1.3935539205,-9.5714496084,-9.4415121448,0.0000000000,0.0000000000,0.0000000000,0.0000000000,0.0000000000,0.0000000000,4.0000000000,1.0000000000
0.5300000000,0.0569188252,0.0784769933,-0.0306485982,-0.0422568425,0.9326432080,0.9055037685,0.2028749218,0.2176307612,2.2265044487,2.2109722581,23.5440000000,23.5440000000,-2.1649445458,-2.5880287095,1.1657393708,1.3935539205,-9.5778966137,-9.4415121448,0.0000000000,0.0000000000,0.0000000000,0.0000000000,0.0000000000,0.0000000000,4.0000000000,1.0000000000
0.5350000000,0.0524570153,0.0730852668,-0.0282460852,-0.0393536052,0.8694878494,0.8432915399,0.2031728136,0.2180457962,2.2308518880,2.2151887158,23.5440000000,23.5440000000,-2.1416687369,-2.5880287095,1.1532062429,1.3935539205,-9.5846443384,-9.4415121448,0.0000000000,0.0000000000,0.0000000000,0.0000000000,0.0000000000,0.0000000000,4.0000000000,1.0000000000
0.5400000000,0.0480467297,0.0676935403,-0.0258713160,-0.0364503679,0.8062858080,0.7810793113,0.2034456603,0.2184302128,2.2348833170,2.2190941123,23.5440000000,23.5440000000,-2.1169371092,-2.5880287095,1.1398892126,1.3935539205,-9.5917290709,-9.4415121448,0.0000000000,0.0000000000,0.0000000000,0.0000000000,0.0000000000,0.0000000000,4.0000000000,1.0000000000
0.5450000000,0.0436914392,0.0623018138,-0.0235261596,-0.0335471305,0.7430345744,0.7188670827,0.2036937743,0.2187840110,2.2385984899,2.2226884478,23.5440000000,23.5440000000,-2.0905394187,-2.5880287095,1.1256750716,1.3935539205,-9.5991946163,-9.4415121448,0.0000000000,0.0000000000,0.0000000000,0.0000000000,0.0000000000,0.0000000000,4.0000000000,1.0000000000
0.5500000000,0.0393951584,0.0569100873,-0.0212127776,-0.0306438932,0.6797312860,0.6566548541,0.2039174906,0.2191071907,2.2419971463,2.2259717220,23.5440000000,23.5440000000,-2.0622147808,-2.5880287094,1.1104233435,1.3935539205,-9.6070946132,-9.4415121448,0.0000000000,0.0000000000,0.0000000000,0.0000000000,0.0000000000,0.0000000000,4.0000000000,1.0000000000
0.5550000000,0.0351625883,0.0515183609,-0.0189337014,-0.0277406559,0.6163726401,0.5944426255,0.2041171712,0.2193997521,2.2450790095,2.2289439352,23.5440000000,23.5440000000,-2.0316336757,-2.5880287094,1.0939565946,1.3935539205,-9.6154958420,-9.4415121448,0.0000000000,0.0000000000,0.0000000000,0.0000000000,0.0000000000,0.0000000000,4.0000000000,1.0000000000
0.5600000000,0.0309993152,0.0461266344,-0.0166919389,-0.0248374185,0.5529547751,0.5322303969,0.2042932094,0.2196616950,2.2478437834,2.2316050871,23.5440000000,23.5440000000,-1.9983710832,-2.5880287094,1.0760459679,1.3935539204,-9.6244830926,-9.4415121448,0.0000000000,0.0000000000,0.0000000000,0.0000000000,0.0000000000,0.0000000000,4.0000000000,1.0000000000
0.5650000000,0.0269120967,0.0407349079,-0.0144911290,-0.0219341812,0.4894731035,0.4700181683,0.2044460372,0.2198930195,2.2502911489,2.2339551780,23.5440000000,23.5440000000,-1.9618648658,-2.5880287094,1.0563887739,1.3935539204,-9.6341665814,-9.4415121448,0.0000000000,0.0000000000,0.0000000000,0.0000000000,0.0000000000,0.0000000000,5.0000000000,1.0000000000
0.5700000000,0.0229092876,0.0353431814,-0.0123357702,-0.0190309438,0.4259220660,0.4078059397,0.2045761340,0.2200937256,2.2524207592,2.2359942077,23.5440000000,23.5440000000,-1.9213483902,-2.5880287094,1.0345722101,1.3935539204,-9.6446937440,-9.4415121448,0.0000000000,0.0000000000,0.0000000000,0.0000000000,0.0000000000,0.0000000000,5.0000000000,1.0000000000
0.5750000000,0.0190015056,0.0299514550,-0.0102315800,-0.0161277065,0.3622947567,0.3455937111,0.2046840393,0.2202638133,2.2542322330,2.2377221762,23.5440000000,23.5440000000,-1.8757353245,-2.5880287093,1.0100113286,1.3935539204,-9.6562689906,-9.4415121448,0.0000000000,0.0000000000,0.0000000000,0.0000000000,0.0000000000,0.0000000000,5.0000000000,1.0000000000
0.5800000000,0.0152027376,0.0245597285,-0.0081860895,-0.0132244692,0.2985823142,0.2833814825,0.2047703723,0.2204032825,2.2557251446,2.2391390836,23.5440000000,23.5440000000,-1.8234086401,-2.5880287093,0.9818354216,1.3935539204,-9.6691890480,-9.4415121448,0.0000000000,0.0000000000,0.0000000000,0.0000000000,0.0000000000,0.0000000000,5.0000000000,1.0000000000
0.5850000000,0.0115323255,0.0191680020,-0.0062097137,-0.0103212318,0.2347728599,0.2211692539,0.2048358618,0.2205121333,2.2568990089,2.2402449299,23.5440000000,23.5440000000,-1.7617978113,-2.5880287092,0.9486603599,1.3935539204,-9.6839118493,-9.4415121449,0.0000000000,0.0000000000,0.0000000000,0.0000000000,0.0000000000,0.0000000000,5.0000000000,1.0000000000
0.5900000000,0.0080189491,0.0137762755,-0.0043178957,-0.0074179945,0.1708494410,0.1589570253,0.2048813997,0.2205903657,2.2577532561,2.2410397150,23.5440000000,23.5440000000,-1.6864206902,-2.5880287092,0.9080726793,1.3935539203,-9.7012074493,-9.4415121449,0.0000000000,0.0000000000,0.0000000000,0.0000000000,0.0000000000,0.0000000000,5.0000000000,1.0000000000
0.5950000000,0.0047100262,0.0083845490,-0.0025361679,-0.0045147572,0.1067853920,0.0967447967,0.2049081469,0.2206379797,2.2582871831,2.2415234390,23.5440000000,23.5440000000,-1.5882830090,-2.5880287091,0.8552293125,1.3935539203,-9.7225499030,-9.4415121449,0.0000000000,0.0000000000,0.0000000000,0.0000000000,0.0000000000,0.0000000000,5.0000000000,1.0000000000
0.6000000000,0.0017009032,0.0029928226,-0.0009158710,-0.0016115198,0.0425308646,0.0345325681,0.2049178059,0.2206549753,2.2584998374,2.2416961019,23.5440000000,23.5440000000,-1.4443789985,-2.5880287090,0.7777425377,1.3935539202,-9.7514574585,-9.4415121449,0.0000000000,0.0000000000,0.0000000000,0.0000000000,0.0000000000,0.0000000000,6.0000000000,1.0000000000
0.6050000000,0.0000000000,-0.0000000000,-0.0000000000,0.0000000000,0.0000000000,-0.0000000000,0.2049178059,0.2206549753,2.2584998374,2.2416961019,23.5440000000,23.5440000000,-0.8164335587,-1.4365548339,0.4396180701,0.7735295259,-6.4546100293,-5.2407648589,0.0000000000,0.0000000000,0.0000000000,0.0000000000,0.0000000000,0.0000000000,11.0000000000,2.0000000000
0.6100000000,-0.0000000000,-0.0000000000,-0.0000000000,0.0000000000,0.0000000000,-0.0000000000,0.2049178059,0.2206549753,2.2584998374,2.2416961019,23.5440000000,23.5440000000,-0.0000000000,0.0000000000,-0.0000000000,-0.0000000000,-0.0000000000,-0.0000000000,0.0000000000,0.0000000000,0.0000000000,0.0000000000,0.0000000000,0.0000000000,2.0000000000,2.0000000000
0.6150000000,0.0000000000,0.0000000000,0.0000000000,-0.0000000000,-0.0000000000,-0.0000000000,0.2049178059,0.2206549753,2.2584998374,2.2416961019,23.5440000000,23.5440000000,0.0000000000,0.0000000000,0.0000000000,-0.0000000000,-0.0000000000,0.0000000000,0.0000000000,0.0000000000,0.0000000000,0.0000000000,0.0000000000,0.0000000000,2.0000000000,1.0000000000
0.6200000000,0.0000000000,0.0000000000,0.0000000000,-0.0000000000,-0.0000000000,0.0000000000,0.2049178059,0.2206549753,2.2584998374,2.2416961019,23.5440000000,23.5440000000,0.0000000000,-0.0000000000,0.0000000000,0.0000000000,-0.0000000000,0.0000000000,0.0000000000,0.0000000000,0.0000000000,0.0000000000,0.0000000000,0.0000000000,2.0000000000,1.0000000000
0.6250000000,-0.0000000000,-0.0000000000,-0.0000000000,0.0000000000,0.0000000000,0.0000000000,0.2049178059,0.2206549753,2.2584998374,2.2416961019,23.5440000000,23.5440000000,-0.0000000000,-0.0000000000,-0.0000000000,0.0000000000,0.0000000000,-0.0000000000,0.0000000000,0.0000000000,0.0000000000,0.0000000000,0.0000000000,0.0000000000,2.0000000000,1.0000000000
0.6300000000,0.0000000000,-0.0000000000,0.0000000000,0.0000000000,-0.0000000000,-0.0000000000,0.2049178059,0.2206549753,2.2584998374,2.2416961019,23.5440000000,23.5440000000,0.0000000000,0.0000000000,0.0000000000,-0.0000000000,-0.0000000000,-0.0000000000,0.0000000000,0.0000000000,0.0000000000,0.0000000000,0.0000000000,0.0000000000,2.0000000000,1.0000000000
0.6350000000,-0.0000000000,0.0000000000,-0.0000000000,-0.0000000000,0.0000000000,-0.0000000000,0.2049178059,0.2206549753,2.2584998374,2.2416961019,23.5440000000,23.5440000000,-0.0000000000,0.0000000000,-0.0000000000,-0.0000000000,0.0000000000,0.0000000000,0.0000000000,0.0000000000,0.0000000000,0.0000000000,0.0000000000,0.0000000000,2.0000000000,1.0000000000
0.6400000000,-0.0000000000,0.0000000000,-0.0000000000,-0.0000000000,0.0000000000,0.0000000000,0.2049178059,0.2206549753,2.2584998374,2.2416961019,23.5440000000,23.5440000000,-0.0000000000,-0.0000000000,0.0000000000,0.0000000000,0.0000000000,0.0000000000,0.0000000000,0.0000000000,0.0000000000,0.0000000000,0.0000000000,0.0000000000,2.0000000000,1.0000000000
0.6450000000,0.0000000000,-0.0000000000,-0.0000000000,0.0000000000,0.0000000000,0.0000000000,0.2049178059,0.2206549753,2.2584998374,2.2416961019,23.5440000000,23.5440000000,0.0000000000,-0.0000000000,-0.0000000000,0.0000000000,-0.0000000000,-0.0000000000,0.0000000000,0.0000000000,0.0000000000,0.0000000000,0.0000000000,0.0000000000,2.0000000000,1.0000000000
0.6500000000,0.0000000000,-0.0000000000,-0.0000000000,0.0000000000,-0.0000000000,-0.0000000000,0.2049178059,0.2206549753,2.2584998374,2.2416961019,23.5440000000,23.5440000000,0.0000000000,0.0000000000,-0.0000000000,-0.0000000000,-0.0000000000,-0.0000000000,0.0000000000,0.0000000000,0.0000000000,0.0000000000,0.0000000000,0.0000000000,2.0000000000,1.0000000000
0.6550000000,-0.0000000000,0.0000000000,0.0000000000,-0.0000000000,0.0000000000,-0.0000000000,0.2049178059,0.2206549753,2.2584998374,2.2416961019,23.5440000000,23.5440000000,-0.0000000000,0.0000000000,0.0000000000,-0.0000000000,0.0000000000,0.0000000000,0.0000000000,0.0000000000,0.0000000000,0.0000000000,0.0000000000,0.0000000000,2.0000000000,1.0000000000
0.6600000000,-0.0000000000,0.0000000000,0.0000000000,-0.0000000000,0.0000000000,0.0000000000,0.2049178059,0.2206549753,2.2584998374,2.2416961019,23.5440000000,23.5440000000,0.0000000000,-0.0000000000,0.0000000000,0.0000000000,-0.0000000000,0.0000000000,0.0000000000,0.0000000000,0.0000000000,0.0000000000,0.0000000000,0.0000000000,2.0000000000,1.0000000000
0.6650000000,0.0000000000,-0.0000000000,0.0000000000,0.0000000000,-0.0000000000,0.0000000000,0.2049178059,0.2206549753,2.2584998374,2.2416961019,23.5440000000,23.5440000000,0.0000000000,-0.0000000000,-0.0000000000,0.0000000000,-0.0000000000,-0.0000000000,0.0000000000,0.0000000000,0.0000000000,0.0000000000,0.0000000000,0.0000000000,2.0000000000,1.0000000000
0.6700000000,-0.0000000000,-0.0000000000,-0.0000000000,0.0000000000,0.0000000000,-0.0000000000,0.2049178059,0.2206549753,2.2584998374,2.2416961019,23.5440000000,23.5440000000,-0.0000000000,0.0000000000,-0.0000000000,-0.0000000000,0.0000000000,-0.0000000000,0.0000000000,0.0000000000,0.0000000000,0.0000000000,0.0000000000,0.0000000000,2.0000000000,1.0000000000
0.6750000000,-0.0000000000,0.0000000000,-0.0000000000,-0.0000000000,0.0000000000,-0.0000000000,0.2049178059,0.2206549753,2.2584998374,2.2416961019,23.5440000000,23.5440000000,0.0000000000,0.0000000000,-0.0000000000,-0.0000000000,0.0000000000,0.0000000000,0.0000000000,0.0000000000,0.0000000000,0.0000000000,0.0000000000,0.0000000000,2.0000000000,1.0000000000
0.6800000000,-0.0000000000,0.0000000000,0.0000000000,-0.0000000000,-0.0000000000,0.0000000000,0.2049178059,0.2206549753,2.2584998374,2.2416961019,23.5440000000,23.5440000000,0.0000000000,-0.0000000000,0.0000000000,0.0000000000,-0.0000000000,0.0000000000,0.0000000000,0.0000000000,0.0000000000,0.0000000000,0.0000000000,0.0000000000,2.0000000000,1.0000000000
0.6850000000,0.0000000000,-0.0000000000,0.0000000000,0.0000000000,-0.0000000000,0.0000000000,0.2049178059,0.2206549753,2.2584998374,2.2416961019,23.5440000000,23.5440000000,0.0000000000,-0.0000000000,0.0000000000,0.0000000000,-0.0000000000,-0.0000000000,0.0000000000,0.0000000000,0.0000000000,0.0000000000,0.0000000000,0.0000000000,2.0000000000,1.0000000000
0.6900000000,0.0000000000,-0.0000000000,0.0000000000,0.0000000000,-0.0000000000,-0.0000000000,0.2049178059,0.2206549753,2.2584998374,2.2416961019,23.5440000000,23.5440000000,0.0000000000,0.0000000000,-0.0000000000,-0.0000000000,-0.0000000000,-0.0000000000,0.0000000000,0.0000000000,0.0000000000,0.0000000000,0.0000000000,0.0000000000,2.0000000000,1.0000000000
0.6950000000,-0.0000000000,0.0000000000,-0.0000000000,-0.0000000000,-0.0000000000,-0.0000000000,0.2049178059,0.2206549753,2.2584998374,2.2416961019,23.5440000000,23.5440000000,-0.0000000000,0.0000000000,-0.0000000000,-0.0000000000,0.0000000000,0.0000000000,0.0000000000,0.0000000000,0.0000000000,0.0000000000,0.0000000000,0.0000000000,2.0000000000,1.0000000000
0.7000000000,-0.0000000000,0.0000000000,-0.0000000000,-0.0000000000,0.0000000000,0.0000000000,0.2049178059,0.2206549753,2.2584998374,2.2416961019,23.5440000000,23.5440000000,-0.0000000000,-0.0000000000,-0.0000000000,0.0000000000,0.0000000000,0.0000000000,0.0000000000,0.0000000000,0.0000000000,0.0000000000,0.0000000000,0.0000000000,2.0000000000,1.0000000000
0.7050000000,-0.0000000000,-0.0000000000,-0.0000000000,0.0000000000,0.0000000000,0.0000000000,0.2049178059,0.2206549753,2.2584998374,2.2416961019,23.5440000000,23.5440000000,-0.0000000000,-0.0000000000,-0.0000000000,0.0000000000,0.0000000000,-0.0000000000,0.0000000000,0.0000000000,0.0000000000,0.0000000000,0.0000000000,0.0000000000,2.0000000000,1.0000000000
0.7100000000,0.0000000000,-0.0000000000,-0.0000000000,0.0000000000,0.0000000000,-0.0000000000,0.2049178059,0.2206549753,2.2584998374,2.2416961019,23.5440000000,23.5440000000,0.0000000000,0.0000000000,0.0000000000,-0.0000000000,0.0000000000,-0.0000000000,0.0000000000,0.0000000000,0.0000000000,0.0000000000,0.0000000000,0.0000000000,2.0000000000,1.0000000000
0.7150000000,0.0000000000,0.0000000000,-0.0000000000,-0.0000000000,-0.0000000000,-0.0000000000,0.2049178059,0.2206549753,2.2584998374,2.2416961019,23.5440000000,23.5440000000,0.0000000000,0.0000000000,-0.0000000000,-0.0000000000,-0.0000000000,0.0000000000,0.0000000000,0.0000000000,0.0000000000,0.0000000000,0.0000000000,0.0000000000,2.0000000000,1.0000000000
0.7200000000,0.0000000000,0.0000000000,0.0000000000,-0.0000000000,0.0000000000,0.0000000000,0.2049178059,0.2206549753,2.2584998374,2.2416961019,23.5440000000,23.5440000000,-0.0000000000,-0.0000000000,0.0000000000,0.0000000000,0.0000000000,0.0000000000,0.0000000000,0.0000000000,0.0000000000,0.0000000000,0.0000000000,0.0000000000,2.0000000000,1.0000000000
0.7250000000,0.0000000000,-0.0000000000,-0.0000000000,0.0000000000,-0.0000000000,0.0000000000,0.2049178059,0.2206549753,2.2584998374,2.2416961019,23.5440000000,23.5440000000,0.0000000000,-0.0000000000,-0.0000000000,0.0000000000,-0.0000000000,-0.0000000000,0.0000000000,0.0000000000,0.0000000000,0.0000000000,0.0000000000,0.0000000000,2.0000000000,1.0000000000
0.7300000000,0.0000000000,-0.0000000000,-0.0000000000,0.0000000000,-0.0000000000,-0.0000000000,0.2049178059,0.2206549753,2.2584998374,2.2416961019,23.5440000000,23.5440000000,-0.0000000000,0.0000000000,0.0000000000,-0.0000000000,0.0000000000,-0.0000000000,0.0000000000,0.0000000000,0.0000000000,0.0000000000,0.0000000000,0.0000000000,2.0000000000,1.0000000000
0.7350000000,0.0000000000,0.0000000000,0.0000000000,-0.0000000000,-0.0000000000,-0.0000000000,0.2049178059,0.2206549753,2.2584998374,2.2416961019,23.5440000000,23.5440000000,0.0000000000,0.0000000000,0.0000000000,-0.0000000000,0.0000000000,0.0000000000,0.0000000000,0.0000000000,0.0000000000,0.0000000000,0.0000000000,0.0000000000,2.0000000000,1.0000000000
0.7400000000,0.0000000000,0.0000000000,0.0000000000,-0.0000000000,0.0000000000,0.0000000000,0.2049178059,0.2206549753,2.2584998374,2.2416961019,23.5440000000,23.5440000000,-0.0000000000,-0.0000000000,-0.0000000000,0.0000000000,0.0000000000,0.0000000000,0.0000000000,0.0000000000,0.0000000000,0.0000000000,0.0000000000,0.0000000000,2.0000000000,1.0000000000
0.7450000000,-0.0000000000,-0.0000000000,-0.0000000000,0.0000000000,-0.0000000000,0.0000000000,0.2049178059,0.2206549753,2.2584998374,2.2416961019,23.5440000000,23.5440000000,-0.0000000000,-0.0000000000,-0.0000000000,0.0000000000,-0.0000000000,-0.0000000000,0.0000000000,0.0000000000,0.0000000000,0.0000000000,0.0000000000,0.0000000000,2.0000000000,1.0000000000
0.7500000000,0.0000000000,-0.0000000000,0.0000000000,0.0000000000,-0.0000000000,-0.0000000000,0.2049178059,0.2206549753,2.2584998374,2.2416961019,23.5440000000,23.5440000000,0.0000000000,0.0000000000,0.0000000000,-0.0000000000,0.0000000000,-0.0000000000,0.0000000000,0.0000000000,0.0000000000,0.0000000000,0.0000000000,0.0000000000,2.0000000000,1.0000000000
0.7550000000,-0.0000000000,0.0000000000,-0.0000000000,-0.0000000000,-0.0000000000,-0.0000000000,0.2049178059,0.2206549753,2.2584998374,2.2416961019,23.5440000000,23.5440000000,-0.0000000000,0.0000000000,-0.0000000000,-0.0000000000,-0.0000000000,0.0000000000,0.0000000000,0.0000000000,0.0000000000,0.0000000000,0.0000000000,0.0000000000,2.0000000000,1.0000000000
0.7600000000,-0.0000000000,0.0000000000,-0.0000000000,-0.0000000000,0.0000000000,0.0000000000,0.2049178059,0.2206549753,2.2584998374,2.2416961019,23.5440000000,23.5440000000,0.0000000000,-0.0000000000,0.0000000000,0.0000000000,0.0000000000,0.0000000000,0.0000000000,0.0000000000,0.0000000000,0.0000000000,0.0000000000,0.0000000000,2.0000000000,1.0000000000
0.7650000000,0.0000000000,-0.0000000000,0.0000000000,0.0000000000,-0.0000000000,0.0000000000,0.2049178059,0.2206549753,2.2584998374,2.2416961019,23.5440000000,23.5440000000,0.0000000000,-0.0000000000,0.0000000000,0.0000000000,-0.0000000000,-0.0000000000,0.0000000000,0.0000000000,0.0000000000,0.0000000000,0.0000000000,0.0000000000,2.0000000000,1.0000000000
0.7700000000,0.0000000000,-0.0000000000,0.0000000000,0.0000000000,-0.0000000000,-0.0000000000,0.2049178059,0.2206549753,2.2584998374,2.2416961019,23.5440000000,23.5440000000,0.0000000000,0.0000000000,0.0000000000,-0.0000000000,-0.0000000000,-0.0000000000,0.0000000000,0.0000000000,0.0000000000,0.0000000000,0.0000000000,0.0000000000,2.0000000000,1.0000000000
0.7750000000,0.0000000000,0.0000000000,0.0000000000,-0.0000000000,-0.0000000000,-0.0000000000,0.2049178059,0.2206549753,2.2584998374,2.2416961019,23.5440000000,23.5440000000,-0.0000000000,0.0000000000,-0.0000000000,-0.0000000000,0.0000000000,-0.0000000000,0.0000000000,0.0000000000,0.0000000000,0.0000000000,0.0000000000,0.0000000000,2.0000000000,1.0000000000
0.7800000000,-0.0000000000,0.0000000000,-0.0000000000,-0.0000000000,0.0000000000,-0.0000000000,0.2049178059,0.2206549753,2.2584998374,2.2416961019,23.5440000000,23.5440000000,-0.0000000000,0.0000000000,-0.0000000000,-0.0000000000,0.0000000000,-0.0000000000,0.0000000000,0.0000000000,0.0000000000,0.0000000000,0.0000000000,0.0000000000,2.0000000000,1.0000000000
0.7850000000,0.0000000000,0.0000000000,0.0000000000,-0.0000000000,-0.0000000000,-0.0000000000,0.2049178059,0.2206549753,2.2584998374,2.2416961019,23.5440000000,23.5440000000,0.0000000000,0.0000000000,0.0000000000,-0.0000000000,-0.0000000000,-0.0000000000,0.0000000000,0.0000000000,0.0000000000,0.0000000000,0.0000000000,0.0000000000,2.0000000000,1.0000000000
0.7900000000,-0.0000000000,0.0000000000,-0.0000000000,-0.0000000000,0.0000000000,-0.0000000000,0.2049178059,0.2206549753,2.2584998374,2.2416961019,23.5440000000,23.5440000000,-0.0000000000,0.0000000000,-0.0000000000,-0.0000000000,0.0000000000,-0.0000000000,0.0000000000,0.0000000000,0.0000000000,0.0000000000,0.0000000000,0.0000000000,2.0000000000,1.0000000000
0.7950000000,0.0000000000,0.0000000000,0.0000000000,-0.0000000000,-0.0000000000,-0.0000000000,0.2049178059,0.2206549753,2.2584998374,2.2416961019,23.5440000000,23.5440000000,0.0000000000,0.0000000000,0.0000000000,-0.0000000000,-0.0000000000,-0.0000000000,0.0000000000,0.0000000000,0.0000000000,0.0000000000,0.0000000000,0.0000000000,2.0000000000,1.0000000000
0.8000000000,0.0000000000,0.0000000000,0.0000000000,-0.0000000000,-0.0000000000,-0.0000000000,0.2049178059,0.2206549753,2.2584998374,2.2416961019,23.5440000000,23.5440000000,-0.0000000000,0.0000000000,-0.0000000000,-0.0000000000,-0.0000000000,-0.0000000000,0.0000000000,0.0000000000,0.0000000000,0.0000000000,0.0000000000,0.0000000000,2.0000000000,1.0000000000
0.8050000000,0.0000000000,0.0000000000,-0.0000000000,-0.0000000000,-0.0000000000,-0.0000000000,0.2049178059,0.2206549753,2.2584998374,2.2416961019,23.5440000000,23.5440000000,-0.0000000000,0.0000000000,-0.0000000000,-0.0000000000,0.0000000000,-0.0000000000,0.0000000000,0.0000000000,0.0000000000,0.0000000000,0.0000000000,0.0000000000,2.0000000000,1.0000000000
0.8100000000,0.0000000000,0.0000000000,0.0000000000,-0.0000000000,-0.0000000000,-0.0000000000,0.2049178059,0.2206549753,2.2584998374,2.2416961019,23.5440000000,23.5440000000,0.0000000000,0.0000000000,0.0000000000,-0.0000000000,0.0000000000,-0.0000000000,0.0000000000,0.0000000000,0.0000000000,0.0000000000,0.0000000000,0.0000000000,2.0000000000,1.0000000000
0.8150000000,0.0000000000,0.0000000000,-0.0000000000,-0.0000000000,-0.0000000000,-0.0000000000,0.2049178059,0.2206549753,2.2584998374,2.2416961019,23.5440000000,23.5440000000,-0.0000000000,0.0000000000,-0.0000000000,-0.0000000000,-0.0000000000,-0.0000000000,0.0000000000,0.0000000000,0.0000000000,0.0000000000,0.0000000000,0.0000000000,2.0000000000,1.0000000000
0.8200000000,0.0000000000,0.0000000000,0.0000000000,-0.0000000000,-0.0000000000,-0.0000000000,0.2049178059,0.2206549753,2.2584998374,2.2416961019,23.5440000000,23.5440000000,0.0000000000,0.0000000000,0.0000000000,-0.0000000000,0.0000000000,-0.0000000000,0.0000000000,0.0000000000,0.0000000000,0.0000000000,0.0000000000,0.0000000000,2.0000000000,1.0000000000
0.8250000000,-0.0000000000,0.0000000000,-0.0000000000,-0.0000000000,-0.0000000000,-0.0000000000,0.2049178059,0.2206549753,2.2584998374,2.2416961019,23.5440000000,23.5440000000,-0.0000000000,0.0000000000,-0.0000000000,-0.0000000000,-0.0000000000,-0.0000000000,0.0000000000,0.0000000000,0.0000000000,0.0000000000,0.0000000000,0.0000000000,2.0000000000,1.0000000000
0.8300000000,0.0000000000,0.0000000000,0.0000000000,-0.0000000000,0.0000000000,-0.0000000000,0.2049178059,0.2206549753,2.2584998374,2.2416961019,23.5440000000,23.5440000000,0.0000000000,0.0000000000,0.0000000000,-0.0000000000,0.0000000000,-0.0000000000,0.0000000000,0.0000000000,0.0000000000,0.0000000000,0.0000000000,0.0000000000,2.0000000000,1.0000000000
0.8350000000,-0.0000000000,0.0000000000,-0.0000000000,-0.0000000000,-0.0000000000,-0.0000000000,0.2049178059,0.2206549753,2.2584998374,2.2416961019,23.5440000000,23.5440000000,-0.0000000000,0.0000000000,-0.0000000000,-0.0000000000,-0.0000000000,-0.0000000000,0.0000000000,0.0000000000,0.0000000000,0.0000000000,0.0000000000,0.0000000000,2.0000000000,1.0000000000
0.8400000000,0.0000000000,0.0000000000,0.0000000000,-0.0000000000,0.0000000000,-0.0000000000,0.2049178059,0.2206549753,2.2584998374,2.2416961019,23.5440000000,23.5440000000,0.0000000000,0.0000000000,0.0000000000,-0.0000000000,0.0000000000,-0.0000000000,0.0000000000,0.0000000000,0.0000000000,0.0000000000,0.0000000000,0.0000000000,2.0000000000,1.0000000000
0.8450000000,0.0000000000,0.0000000000,0.0000000000,-0.0000000000,0.0000000000,-0.0000000000,0.2049178059,0.2206549753,2.2584998374,2.2416961019,23.5440000000,23.5440000000,-0.0000000000,0.0000000000,-0.0000000000,-0.0000000000,0.0000000000,-0.0000000000,0.0000000000,0.0000000000,0.0000000000,0.0000000000,0.0000000000,0.0000000000,2.0000000000,1.0000000000
0.8500000000,0.0000000000,0.0000000000,0.0000000000,-0.0000000000,-0.0000000000,-0.0000000000,0.2049178059,0.2206549753,2.2584998374,2.2416961019,23.5440000000,23.5440000000,-0.0000000000,0.0000000000,0.0000000000,-0.0000000000,-0.0000000000,-0.0000000000,0.0000000000,0.0000000000,0.0000000000,0.0000000000,0.0000000000,0.0000000000,2.0000000000,1.0000000000
0.8550000000,-0.0000000000,0.0000000000,-0.0000000000,-0.0000000000,-0.0000000000,-0.0000000000,0.2049178059,0.2206549753,2.2584998374,2.2416961019,23.5440000000,23.5440000000,-0.0000000000,0.0000000000,-0.0000000000,-0.0000000000,0.0000000000,-0.0000000000,0.0000000000,0.0000000000,0.0000000000,0.0000000000,0.0000000000,0.0000000000,2.0000000000,1.0000000000
0.8600000000,0.0000000000,0.0000000000,0.0000000000,-0.0000000000,-0.0000000000,-0.0000000000,0.2049178059,0.2206549753,2.2584998374,2.2416961019,23.5440000000,23.5440000000,0.0000000000,0.0000000000,0.0000000000,-0.0000000000,-0.0000000000,-0.0000000000,0.0000000000,0.0000000000,0.0000000000,0.0000000000,0.0000000000,0.0000000000,2.0000000000,1.0000000000
0.8650000000,-0.0000000000,0.0000000000,-0.0000000000,-0.0000000000,0.0000000000,-0.0000000000,0.2049178059,0.2206549753,2.2584998374,2.2416961019,23.5440000000,23.5440000000,-0.0000000000,0.0000000000,-0.0000000000,-0.0000000000,0.0000000000,-0.0000000000,0.0000000000,0.0000000000,0.0000000000,0.0000000000,0.0000000000,0.0000000000,2.0000000000,1.0000000000
0.8700000000,-0.0000000000,0.0000000000,-0.0000000000,-0.0000000000,0.0000000000,-0.0000000000,0.2049178059,0.2206549753,2.2584998374,2.2416961019,23.5440000000,23.5440000000,0.0000000000,0.0000000000,0.0000000000,-0.0000000000,-0.0000000000,-0.0000000000,0.0000000000,0.0000000000,0.0000000000,0.0000000000,0.0000000000,0.0000000000,2.0000000000,1.0000000000
0.8750000000,0.0000000000,0.0000000000,0.0000000000,-0.0000000000,0.0000000000,-0.0000000000,0.2049178059,0.2206549753,2.2584998374,2.2416961019,23.5440000000,23.5440000000,0.0000000000,0.0000000000,0.0000000000,-0.0000000000,-0.0000000000,-0.0000000000,0.0000000000,0.0000000000,0.0000000000,0.0000000000,0.0000000000,0.0000000000,2.0000000000,1.0000000000
0.8800000000,-0.0000000000,0.0000000000,0.0000000000,-0.0000000000,-0.0000000000,-0.0000000000,0.2049178059,0.2206549753,2.2584998374,2.2416961019,23.5440000000,23.5440000000,-0.0000000000,0.0000000000,0.0000000000,-0.0000000000,-0.0000000000,-0.0000000000,0.0000000000,0.0000000000,0.0000000000,0.0000000000,0.0000000000,0.0000000000,2.0000000000,1.0000000000
0.8850000000,-0.0000000000,0.0000000000,0.0000000000,-0.0000000000,-0.0000000000,-0.0000000000,0.2049178059,0.2206549753,2.2584998374,2.2416961019,23.5440000000,23.5440000000,0.0000000000,0.0000000000,-0.0000000000,-0.0000000000,-0.0000000000,-0.0000000000,0.0000000000,0.0000000000,0.0000000000,0.0000000000,0.0000000000,0.0000000000,2.0000000000,1.0000000000
0.8900000000,0.0000000000,0.0000000000,-0.0000000000,-0.0000000000,-0.0000000000,-0.0000000000,0.2049178059,0.2206549753,2.2584998374,2.2416961019,23.5440000000,23.5440000000,0.0000000000,0.0000000000,-0.0000000000,-0.0000000000,-0.0000000000,-0.0000000000,0.0000000000,0.0000000000,0.0000000000,0.0000000000,0.0000000000,0.0000000000,2.0000000000,1.0000000000
0.8950000000,-0.0000000000,0.0000000000,0.0000000000,-0.0000000000,0.0000000000,-0.0000000000,0.2049178059,0.2206549753,2.2584998374,2.2416961019,23.5440000000,23.5440000000,-0.0000000000,0.0000000000,0.0000000000,-0.0000000000,0.0000000000,-0.0000000000,0.0000000000,0.0000000000,0.0000000000,0.0000000000,0.0000000000,0.0000000000,2.0000000000,1.0000000000
0.9000000000,0.0000000000,0.0000000000,-0.0000000000,-0.0000000000,-0.0000000000,-0.0000000000,0.2049178059,0.2206549753,2.2584998374,2.2416961019,23.5440000000,23.5440000000,0.0000000000,0.0000000000,-0.0000000000,-0.0000000000,-0.0000000000,-0.0000000000,0.0000000000,0.0000000000,0.0000000000,0.0000000000,0.0000000000,0.0000000000,2.0000000000,1.0000000000
0.9050000000,-0.0000000000,0.0000000000,0.0000000000,-0.0000000000,0.0000000000,-0.0000000000,0.2049178059,0.2206549753,2.2584998374,2.2416961019,23.5440000000,23.5440000000,-0.0000000000,0.0000000000,0.0000000000,-0.0000000000,0.0000000000,-0.0000000000,0.0000000000,0.0000000000,0.0000000000,0.0000000000,0.0000000000,0.0000000000,2.0000000000,1.0000000000
0.9100000000,-0.0000000000,0.0000000000,0.0000000000,-0.0000000000,0.0000000000,-0.0000000000,0.2049178059,0.2206549753,2.2584998374,2.2416961019,23.5440000000,23.5440000000,0.0000000000,-0.0000000000,-0.0000000000,0.0000000000,-0.0000000000,0.0000000000,0.0000000000,0.0000000000,0.0000000000,0.0000000000,0.0000000000,0.0000000000,2.0000000000,1.0000000000
0.9150000000,0.0000000000,-0.0000000000,-0.0000000000,0.0000000000,-0.0000000000,0.0000000000,0.2049178059,0.2206549753,2.2584998374,2.2416961019,23.5440000000,23.5440000000,0.0000000000,-0.0000000000,-0.0000000000,0.0000000000,-0.0000000000,0.0000000000,0.0000000000,0.0000000000,0.0000000000,0.0000000000,0.0000000000,0.0000000000,2.0000000000,1.0000000000
0.9200000000,-0.0000000000,-0.0000000000,0.0000000000,0.0000000000,-0.0000000000,0.0000000000,0.2049178059,0.2206549753,2.2584998374,2.2416961019,23.5440000000,23.5440000000,-0.0000000000,0.0000000000,0.0000000000,-0.0000000000,0.0000000000,-0.0000000000,0.0000000000,0.0000000000,0.0000000000,0.0000000000,0.0000000000,0.0000000000,2.0000000000,1.0000000000
0.9250000000,-0.0000000000,0.0000000000,0.0000000000,-0.0000000000,0.0000000000,-0.0000000000,0.2049178059,0.2206549753,2.2584998374,2.2416961019,23.5440000000,23.5440000000,-0.0000000000,0.0000000000,0.0000000000,-0.0000000000,0.0000000000,-0.0000000000,0.0000000000,0.0000000000,0.0000000000,0.0000000000,0.0000000000,0.0000000000,2.0000000000,1.0000000000
0.9300000000,-0.0000000000,0.0000000000,0.0000000000,-0.0000000000,0.0000000000,-0.0000000000,0.2049178059,0.2206549753,2.2584998374,2.2416961019,23.5440000000,23.5440000000,0.0000000000,-0.0000000000,-0.0000000000,0.0000000000,-0.0000000000,0.0000000000,0.0000000000,0.0000000000,0.0000000000,0.0000000000,0.0000000000,0.0000000000,2.0000000000,1.0000000000
0.9350000000,0.0000000000,-0.0000000000,-0.0000000000,0.0000000000,-0.0000000000,0.0000000000,0.2049178059,0.2206549753,2.2584998374,2.2416961019,23.5440000000,23.5440000000,0.0000000000,-0.0000000000,-0.0000000000,0.0000000000,-0.0000000000,0.0000000000,0.0000000000,0.0000000000,0.0000000000,0.0000000000,0.0000000000,0.0000000000,2.0000000000,1.0000000000
0.9400000000,-0.0000000000,-0.0000000000,0.0000000000,0.0000000000,0.0000000000,0.0000000000,0.2049178059,0.2206549753,2.2584998374,2.2416961019,23.5440000000,23.5440000000,-0.0000000000,0.0000000000,0.0000000000,-0.0000000000,0.0000000000,-0.0000000000,0.0000000000,0.0000000000,0.0000000000,0.0000000000,0.0000000000,0.0000000000,2.0000000000,1.0000000000
0.9450000000,-0.0000000000,0.0000000000,0.0000000000,-0.0000000000,0.0000000000,-0.0000000000,0.2049178059,0.2206549753,2.2584998374,2.2416961019,23.5440000000,23.5440000000,-0.0000000000,0.0000000000,0.0000000000,-0.0000000000,0.0000000000,-0.0000000000,0.0000000000,0.0000000000,0.0000000000,0.0000000000,0.0000000000,0.0000000000,2.0000000000,1.0000000000
0.9500000000,-0.0000000000,0.0000000000,0.0000000000,-0.0000000000,-0.0000000000,-0.0000000000,0.2049178059,0.2206549753,2.2584998374,2.2416961019,23.5440000000,23.5440000000,-0.0000000000,-0.0000000000,0.0000000000,0.0000000000,-0.0000000000,0.0000000000,0.0000000000,0.0000000000,0.0000000000,0.0000000000,0.0000000000,0.0000000000,2.0000000000,1.0000000000
0.9550000000,-0.0000000000,-0.0000000000,0.0000000000,0.0000000000,-0.0000000000,0.0000000000,0.2049178059,0.2206549753,2.2584998374,2.2416961019,23.5440000000,23.5440000000,0.0000000000,-0.0000000000,-0.0000000000,0.0000000000,-0.0000000000,0.0000000000,0.0000000000,0.0000000000,0.0000000000,0.0000000000,0.0000000000,0.0000000000,2.0000000000,1.0000000000
0.9600000000,0.0000000000,-0.0000000000,-0.0000000000,0.0000000000,-0.0000000000,0.0000000000,0.2049178059,0.2206549753,2.2584998374,2.2416961019,23.5440000000,23.5440000000,0.0000000000,0.0000000000,-0.0000000000,-0.0000000000,0.0000000000,-0.0000000000,0.0000000000,0.0000000000,0.0000000000,0.0000000000,0.0000000000,0.0000000000,2.0000000000,1.0000000000
0.9650000000,0.0000000000,0.0000000000,0.0000000000,-0.0000000000,0.0000000000,-0.0000000000,0.2049178059,0.2206549753,2.2584998374,2.2416961019,23.5440000000,23.5440000000,0.0000000000,0.0000000000,0.0000000000,-0.0000000000,0.0000000000,-0.0000000000,0.0000000000,0.0000000000,0.0000000000,0.0000000000,0.0000000000,0.0000000000,2.0000000000,1.0000000000
0.9700000000,-0.0000000000,0.0000000000,-0.0000000000,-0.0000000000,-0.0000000000,-0.0000000000,0.2049178059,0.2206549753,2.2584998374,2.2416961019,23.5440000000,23.5440000000,-0.0000000000,-0.0000000000,-0.0000000000,0.0000000000,-0.0000000000,0.0000000000,0.0000000000,0.0000000000,0.0000000000,0.0000000000,0.0000000000,0.0000000000,2.0000000000,1.0000000000
0.9750000000,0.0000000000,-0.0000000000,0.0000000000,0.0000000000,-0.0000000000,0.0000000000,0.2049178059,0.2206549753,2.2584998374,2.2416961019,23.5440000000,23.5440000000,0.0000000000,-0.0000000000,0.0000000000,0.0000000000,-0.0000000000,0.0000000000,0.0000000000,0.0000000000,0.0000000000,0.0000000000,0.0000000000,0.0000000000,2.0000000000,1.0000000000
0.9800000000,-0.0000000000,-0.0000000000,0.0000000000,0.0000000000,0.0000000000,0.0000000000,0.2049178059,0.2206549753,2.2584998374,2.2416961019,23.5440000000,23.5440000000,-0.0000000000,0.0000000000,0.0000000000,-0.0000000000,0.0000000000,-0.0000000000,0.0000000000,0.0000000000,0.0000000000,0.0000000000,0.0000000000,0.0000000000,2.0000000000,1.0000000000
0.9850000000,0.0000000000,0.0000000000,-0.0000000000,-0.0000000000,-0.0000000000,-0.0000000000,0.2049178059,0.2206549753,2.2584998374,2.2416961019,23.5440000000,23.5440000000,0.0000000000,0.0000000000,-0.0000000000,-0.0000000000,-0.0000000000,-0.0000000000,0.0000000000,0.0000000000,0.0000000000,0.0000000000,0.0000000000,0.0000000000,2.0000000000,1.0000000000
0.9900000000,0.0000000000,0.0000000000,-0.0000000000,-0.0000000000,-0.0000000000,-0.0000000000,0.2049178059,0.2206549753,2.2584998374,2.2416961019,23.5440000000,23.5440000000,0.0000000000,-0.0000000000,-0.0000000000,0.0000000000,-0.0000000000,0.0000000000,0.0000000000,0.0000000000,0.0000000000,0.0000000000,0.0000000000,0.0000000000,2.0000000000,1.0000000000
0.9950000000,0.0000000000,-0.0000000000,-0.0000000000,0.0000000000,0.0000000000,0.0000000000,0.2049178059,0.2206549753,2.2584998374,2.2416961019,23.5440000000,23.5440000000,-0.0000000000,-0.0000000000,0.0000000000,0.0000000000,0.0000000000,0.0000000000,0.0000000000,0.0000000000,0.0000000000,0.0000000000,0.0000000000,0.0000000000,2.0000000000,1.0000000000
1.0000000000,0.0000000000,-0.0000000000,-0.0000000000,0.0000000000,-0.0000000000,0.0000000000,0.2049178059,0.2206549753,2.2584998374,2.2416961019,23.5440000000,23.5440000000,0.0000000000,0.0000000000,0.0000000000,-0.0000000000,-0.0000000000,-0.0000000000,0.0000000000,0.0000000000,0.0000000000,0.0000000000,0.0000000000,0.0000000000,2.0000000000,1.0000000000
