time,penetration_4d,penetration_3d,penetration_penalty,residual_4d,residual_3d,scaled_residual_4d,scaled_residual_3d,complementarity_4d,complementarity_3d,iterations_4d,iterations_3d,spin_4d,spin_3d,spin_penalty,slip_4d,slip_3d,slip_penalty,tilt_4d,tilt_3d,tilt_penalty,contacts_4d,contacts_3d,contacts_penalty
0.0100000000,0.0000000000,0.0000000000,0.0000000000,0.0000000000,0.0000000000,0.0000000000,0.0000000000,0.0000000000,0.0000000000,0.0000000000,0.0000000000,8.0000000000,8.0000000000,8.0000000000,0.0033105891,0.0033105891,0.0033105891,0.0000000000,0.0000000000,0.0000000000,0.0000000000,0.0000000000,0.0000000000
0.0200000000,0.0000000000,0.0000000000,0.0000000000,0.0000000000,0.0000000000,0.0000000000,0.0000000000,0.0000000000,0.0000000000,0.0000000000,0.0000000000,8.0000000000,8.0000000000,8.0000000000,0.0066211781,0.0066211781,0.0066211781,0.0000000000,0.0000000000,0.0000000000,0.0000000000,0.0000000000,0.0000000000
0.0300000000,0.0000000000,0.0000000000,0.0000000000,0.0000000000,0.0000000000,0.0000000000,0.0000000000,0.0000000000,0.0000000000,0.0000000000,0.0000000000,8.0000000000,8.0000000000,8.0000000000,0.0099317672,0.0099317672,0.0099317672,0.0000000000,0.0000000000,0.0000000000,0.0000000000,0.0000000000,0.0000000000
0.0400000000,0.0000000000,0.0000000000,0.0000000000,0.0000000000,0.0000000000,0.0000000000,0.0000000000,0.0000000000,0.0000000000,0.0000000000,0.0000000000,8.0000000000,8.0000000000,8.0000000000,0.0132423563,0.0132423563,0.0132423563,0.0000000000,0.0000000000,0.0000000000,0.0000000000,0.0000000000,0.0000000000
0.0500000000,0.0013176923,0.0013176923,0.0013176923,0.0000000009,0.0000000000,0.0000000000,0.0000000000,0.0000000000,0.0000000000,37.0000000000,9.0000000000,7.9271448124,8.0227579075,8.0000000000,0.0145617770,0.0134963167,0.0159502448,0.1413834688,0.2169023328,0.0427033906,1.0000000000,1.0000000000,1.0000000000
0.0600000000,0.0017904050,0.0021028825,0.0030003076,0.0000000000,0.0000000008,0.0000000000,0.0000000000,0.0000000000,0.0000000001,19.0000000000,20.0000000000,7.9089709898,7.9994999167,7.9995024940,0.0157979838,0.0137994046,0.0180488520,0.2206172504,0.3856068075,0.1171089739,1.0000000000,1.0000000000,1.0000000000
0.0700000000,0.0026210918,0.0032870160,0.0045271982,0.0000000000,0.0000000000,0.0000000000,0.0000000000,0.0000000000,0.0000000000,7.0000000000,9.0000000000,7.8601658903,7.8875228774,7.9972548142,0.0169966771,0.0147357427,0.0195097807,0.1672754744,0.4186128555,0.2135250119,1.0000000000,1.0000000000,1.0000000000
0.0800000000,0.0033930030,0.0044530151,0.0057281226,0.0000000000,0.0000000001,0.0000000000,0.0000000000,0.0000000000,0.0000000000,33.0000000000,14.0000000000,7.7661322998,7.8876199601,7.9921095198,0.0179066984,0.0159753278,0.0205662289,0.2349865180,0.5244576795,0.3178547457,1.0000000000,1.0000000000,1.0000000000
0.0900000000,0.0041451094,0.0062481669,0.0067698969,0.0000000000,0.0000000048,0.0000000000,0.0000000006,0.0000000000,0.0000000044,29.0000000000,3.0000000000,7.6184379403,7.8877704366,7.9773074502,0.0178278549,0.0174536680,0.0215544507,0.2663008061,0.6682317208,0.4181602013,1.0000000000,1.0000000000,1.0000000000
0.1000000000,0.0044319896,0.0083968741,0.0074501136,0.0000000018,0.0000000000,0.0000000000,0.0000000000,0.0000000001,0.0000000000,17.0000000000,12.0000000000,7.5725070226,7.8448037489,7.9621796048,0.0172237009,0.0197342899,0.0234474980,0.3626107521,0.5237378222,0.4526961863,1.0000000000,1.0000000000,1.0000000000
0.1100000000,0.0049420402,0.0099447730,0.0076075286,0.0000000000,0.0000000000,0.0000000000,0.0000000000,0.0000000000,0.0000000000,14.0000000000,9.0000000000,7.5008406909,7.8686599077,7.9771528456,0.0164979261,0.0211701995,0.0250404852,0.2539999579,0.4223831414,0.4355560212,1.0000000000,1.0000000000,1.0000000000
0.1200000000,0.0052939155,0.0108742143,0.0074768473,0.0000000000,0.0000000001,0.0000000000,0.0000000000,0.0000000000,0.0000000000,14.0000000000,3.0000000000,7.3926489909,7.8185638809,7.9593679413,0.0165376209,0.0205950695,0.0273136590,0.3724331886,1.0035486790,0.3908263836,1.0000000000,1.0000000000,1.0000000000
0.1300000000,0.0055520302,0.0118015204,0.0068949737,0.0000000000,0.0000000000,0.0000000000,0.0000000000,0.0000000000,0.0000000000,12.0000000000,3.0000000000,7.0956388584,7.7448047292,7.9696539707,0.0174810532,0.0188598191,0.0291807174,0.3283946562,0.9024352455,0.3030898517,1.0000000000,1.0000000000,1.0000000000
0.1400000000,0.0050259999,0.0110360988,0.0058975981,0.0000000000,0.0000000002,0.0000000000,0.0000000000,0.0000000000,0.0000000001,32.0000000000,21.0000000000,7.0084539849,7.7447189678,7.9729687878,0.0173181803,0.0172191059,0.0306934667,0.5897692892,0.8632141391,0.2162307744,1.0000000000,1.0000000000,1.0000000000
0.1500000000,0.0058572399,0.0111153409,0.0051060667,0.0000000003,0.0000000001,0.0000000000,0.0000000000,0.0000000000,0.0000000000,14.0000000000,8.0000000000,6.7861927350,7.7392946598,7.9711516020,0.0155004162,0.0168283621,0.0318972516,0.7148479495,0.6192294656,0.2361418468,1.0000000000,1.0000000000,1.0000000000
0.1600000000,0.0062116536,0.0114515433,0.0046713847,0.0000000000,0.0000000000,0.0000000000,0.0000000000,0.0000000000,0.0000000000,19.0000000000,12.0000000000,6.7588494204,7.7330741380,7.9613869343,0.0137363916,0.0173830810,0.0327095698,0.8734555770,0.3953775911,0.3687091604,1.0000000000,1.0000000000,1.0000000000
0.1700000000,0.0071239122,0.0116280834,0.0045579219,0.0000000000,0.0000000034,0.0000000000,0.0000000000,0.0000000000,0.0000000000,8.0000000000,3.0000000000,6.7584431749,7.6371769050,7.9481196088,0.0119843896,0.0178222228,0.0332071930,1.1027765013,0.6628323085,0.5395119463,1.0000000000,1.0000000000,1.0000000000
0.1800000000,0.0096685036,0.0110610935,0.0050574223,0.0000000000,0.0000000000,0.0000000000,0.0000000000,0.0000000000,0.0000000000,6.0000000000,3.0000000000,6.7585420375,7.5801244093,7.9210449682,0.0102442430,0.0175704898,0.0331872069,1.3670898560,0.9099462419,0.6964245734,1.0000000000,1.0000000000,1.0000000000
0.1900000000,0.0124621372,0.0108876585,0.0052895569,0.0000000023,0.0000000000,0.0000000001,0.0000000000,0.0000000002,0.0000000000,12.0000000000,13.0000000000,6.7345186944,7.5532148622,7.8975107549,0.0088610191,0.0164000689,0.0326622723,1.5795546410,1.0158565219,0.8388084569,1.0000000000,1.0000000000,1.0000000000
0.2000000000,0.0153871482,0.0113465478,0.0050200542,0.0000000007,0.0000000000,0.0000000001,0.0000000000,0.0000000007,0.0000000000,11.0000000000,13.0000000000,6.7350048278,7.5537194353,7.8815954905,0.0075328352,0.0153143775,0.0317821264,1.8035939973,1.2052511900,0.9785726474,1.0000000000,1.0000000000,1.0000000000
0.2100000000,0.0188181050,0.0124093981,0.0044366123,0.0000000045,0.0000000000,0.0000000007,0.0000000000,0.0000000017,0.0000000000,3.0000000000,30.0000000000,6.7356480575,7.4523042731,7.8769508411,0.0062946291,0.0127167226,0.0310771991,2.0327493787,0.9671652244,1.1004214648,1.0000000000,1.0000000000,1.0000000000
0.2200000000,0.0224761204,0.0118142330,0.0034780187,0.0000000037,0.0000000000,0.0000000006,0.0000000000,0.0000000000,0.0000000000,3.0000000000,23.0000000000,6.7364396931,7.4520682525,7.8813836318,0.0052109409,0.0101330735,0.0306409998,2.2626424542,0.8553117026,1.2047671041,1.0000000000,1.0000000000,1.0000000000
0.2300000000,0.0262960201,0.0118400401,0.0024820273,0.0000000037,0.0000000082,0.0000000005,0.0000000011,0.0000000000,0.0000000069,3.0000000000,3.0000000000,6.7373686603,7.4520501134,7.8840766113,0.0043975285,0.0075777696,0.0304144947,2.4901265897,0.9205122730,1.2889922394,1.0000000000,1.0000000000,1.0000000000
0.2400000000,0.0305418327,0.0140456081,0.0015464093,0.2354400000,0.0000000000,0.0349453937,0.0000000000,0.0000000000,0.0000000000,1.0000000000,11.0000000000,6.7375004425,7.4358176620,7.8845159646,0.0040218666,0.0061154303,0.0302922119,2.7253632216,0.7358338903,1.3643929529,1.0000000000,1.0000000000,1.0000000000
0.2500000000,0.0345858497,0.0149325299,0.0009878447,0.2354400000,0.0000000000,0.0349447101,0.0000000000,0.0000000000,0.0000000000,1.0000000000,4.0000000000,6.7376263992,7.4650212021,7.8844726821,0.0042030186,0.0055220812,0.0302584577,2.9652301155,0.5026480521,1.4317016441,1.0000000000,1.0000000000,1.0000000000
0.2600000000,0.0372553983,0.0154322638,0.0013501661,0.2775314420,0.0000000000,0.0411912780,0.0000000000,0.0000000000,0.0000000000,1.0000000000,3.0000000000,6.7377459985,7.4725528563,7.8843939532,0.0048793567,0.0055741659,0.0302027149,3.2074188826,0.8929373881,1.4980611118,1.0000000000,1.0000000000,1.0000000000
0.2700000000,0.0389552124,0.0162574278,0.0020378221,0.2370047017,0.0000000006,0.0351756658,0.0000000000,0.0000000000,0.0000000000,1.0000000000,3.0000000000,6.7378587419,7.3253700422,7.8840853906,0.0058824893,0.0063532466,0.0302573344,3.4501839923,0.9806688798,1.5457238422,1.0000000000,1.0000000000,1.0000000000
0.2800000000,0.0417574096,0.0160346629,0.0028984762,0.1346847612,0.0000000002,0.0005109245,0.0000000000,0.0008897428,0.0000000000,180.0000000000,18.0000000000,6.4974331468,7.3253416071,7.8843060135,0.0046010806,0.0073222370,0.0303894592,3.4401866583,1.2691344551,1.5697341994,1.0000000000,1.0000000000,1.0000000000
0.2900000000,0.0435067971,0.0161208893,0.0038729926,0.0000000014,0.0000000002,0.0000000000,0.0000000000,0.0000000000,0.0000000000,37.0000000000,13.0000000000,6.5717694645,7.3045997988,7.8809358487,0.0030792537,0.0076745436,0.0308234404,3.2568340606,1.4378761693,1.5578838214,1.0000000000,1.0000000000,1.0000000000
0.3000000000,0.0449590044,0.0161749544,0.0047941076,0.0000000030,0.0000000000,0.0000000000,0.0000000000,0.0000000000,0.0000000000,11.0000000000,11.0000000000,5.1577355098,7.2860671294,7.8759210507,0.0039036065,0.0076664719,0.0316248313,3.1501208841,1.3966460146,1.5045932340,1.0000000000,1.0000000000,1.0000000000
0.3100000000,0.0444043037,0.0155834662,0.0054937450,0.0000000000,0.0000000000,0.0000000000,0.0000000000,0.0000000000,0.0000000000,11.0000000000,4.0000000000,5.1283849523,7.2868097752,7.8672207674,0.0048020927,0.0073166797,0.0328511943,3.0388617740,1.2117077845,1.3899238477,1.0000000000,1.0000000000,1.0000000000
0.3200000000,0.0433876633,0.0159516288,0.0059173477,0.0000000020,0.0000000001,0.0000000004,0.0000000000,0.0000000020,0.0000000000,9.0000000000,13.0000000000,5.1279320298,7.2872671427,7.8755456016,0.0057739281,0.0072604116,0.0337433756,2.9416961974,1.1533703063,1.2928575669,1.0000000000,1.0000000000,1.0000000000
0.3300000000,0.0427127706,0.0174441900,0.0061314007,0.0000000008,0.0000000001,0.0000000000,0.0000000000,0.0000000000,0.0000000000,29.0000000000,18.0000000000,5.0906323059,7.2888006029,7.8655308321,0.0065844331,0.0063270789,0.0350699546,2.8214639805,0.8914910420,1.1543172048,1.0000000000,1.0000000000,1.0000000000
0.3400000000,0.0425149592,0.0179559101,0.0059412618,0.0000000000,0.0000000034,0.0000000000,0.0000000000,0.0000000000,0.0000000000,7.0000000000,3.0000000000,5.0380671166,7.2907765691,7.8730297219,0.0073238786,0.0055203957,0.0358043813,2.6798580299,0.6026456356,0.9804877823,1.0000000000,1.0000000000,1.0000000000
0.3500000000,0.0420271925,0.0180692298,0.0052111176,0.0000000000,0.0000000000,0.0000000000,0.0000000000,0.0000000000,0.0000000000,7.0000000000,3.0000000000,4.9148349289,7.2944548387,7.8607981964,0.0079985897,0.0052034099,0.0370208758,2.5466180892,0.9216073648,0.8315921057,1.0000000000,1.0000000000,1.0000000000
0.3600000000,0.0414839272,0.0182796324,0.0042294227,0.0000000001,0.0000000001,0.0000000000,0.0000000000,0.0000000000,0.0000000000,12.0000000000,3.0000000000,4.9143141970,7.2968741643,7.8488274845,0.0086843089,0.0055314952,0.0382204468,2.4468844050,1.3849226008,0.7543888241,1.0000000000,1.0000000000,1.0000000000
0.3700000000,0.0414174494,0.0191960231,0.0036199975,0.0000000000,0.0000000032,0.0000000000,0.0000000000,0.0000000000,0.0000000000,11.0000000000,3.0000000000,4.9014172646,7.2312566072,7.8468726518,0.0093525090,0.0064085680,0.0392215071,2.4120060809,1.2163874869,0.8254737892,1.0000000000,1.0000000000,1.0000000000
0.3800000000,0.0413841458,0.0190470500,0.0043790451,0.0000000000,0.0000000000,0.0000000000,0.0000000000,0.0000000000,0.0000000000,6.0000000000,3.0000000000,4.8719313511,6.8692685293,7.8429067058,0.0100029646,0.0070586692,0.0398559406,2.4749068824,0.3292795632,0.9903502256,1.0000000000,1.0000000000,1.0000000000
0.3900000000,0.0416305222,0.0159553880,0.0048737003,0.0000000000,0.0000000002,0.0000000000,0.0000000000,0.0000000000,0.0000000002,6.0000000000,13.0000000000,4.6526313500,6.8672626284,7.8394756906,0.0106556162,0.0078445246,0.0400892505,2.7285623964,1.1454148928,1.1928137078,1.0000000000,1.0000000000,1.0000000000
0.4000000000,0.0415686386,0.0157250314,0.0049859504,0.0000000062,0.0000000000,0.0000000013,0.0000000000,0.0000000062,0.0000000000,12.0000000000,23.0000000000,4.6539056189,6.7867665994,7.8349098546,0.0113096841,0.0068767061,0.0398608329,3.0055040304,1.8272658684,1.3938222662,1.0000000000,1.0000000000,1.0000000000
0.4100000000,0.0417886295,0.0168513413,0.0047548842,0.0000000000,0.0000000043,0.0000000000,0.0000000000,0.0000000000,0.0000000000,16.0000000000,3.0000000000,4.5501994402,6.7328890911,7.8263055806,0.0120180821,0.0050054829,0.0392658019,3.2133115874,1.7119934430,1.5735485730,1.0000000000,1.0000000000,1.0000000000
0.4200000000,0.0420257997,0.0166819665,0.0048013040,0.0000000036,0.0000000000,0.0000000000,0.0000000000,0.0000000000,0.0000000000,5.0000000000,3.0000000000,4.4060697652,6.7282029418,7.8168932972,0.0127904603,0.0031329695,0.0384009759,3.2550162606,1.5362656122,1.7131835363,1.0000000000,1.0000000000,1.0000000000
0.4300000000,0.0418780224,0.0162857011,0.0057135520,0.0000000015,0.0000000014,0.0000000001,0.0000000002,0.0000000003,0.0000000014,8.0000000000,14.0000000000,4.3998739861,6.7291181974,7.8136559839,0.0135798393,0.0012666460,0.0375976385,3.2966499498,1.4926523217,1.8099842194,1.0000000000,1.0000000000,1.0000000000
0.4400000000,0.0421843333,0.0164707349,0.0063289612,0.0000000000,0.0000000000,0.0000000000,0.0000000000,0.0000000000,0.0000000000,13.0000000000,18.0000000000,3.5137962287,6.6605393649,7.8100338277,0.0142739870,0.0017359959,0.0370781949,2.7682598937,1.2266240603,1.8588276530,1.0000000000,1.0000000000,1.0000000000
0.4500000000,0.0418192973,0.0153706837,0.0065243022,0.0000000000,0.0000000001,0.0000000000,0.0000000000,0.0000000000,0.0000000001,7.0000000000,18.0000000000,2.6879050286,6.6602580195,7.8088469055,0.0148094013,0.0037830232,0.0370198228,1.9257287411,1.2388740060,1.8515745740,1.0000000000,1.0000000000,1.0000000000
0.4600000000,0.0410230162,0.0168933155,0.0061082690,0.0000000001,0.0000000000,0.0000000001,0.0000000000,0.0000000001,0.0000000000,14.0000000000,8.0000000000,2.6891728413,6.6599151592,7.8132563999,0.0154116621,0.0057620015,0.0372083642,1.1393640904,1.4236916467,1.8697057990,1.0000000000,1.0000000000,1.0000000000
0.4700000000,0.0402671744,0.0189397423,0.0054051143,0.0000000003,0.0000000000,0.0000000001,0.0000000000,0.0000000000,0.0000000000,4.0000000000,10.0000000000,2.6909320343,6.6483796761,7.8113293300,0.0160732570,0.0070603519,0.0369312889,0.6610388302,1.5482776762,1.9059489208,1.0000000000,1.0000000000,1.0000000000
0.4800000000,0.0381030951,0.0205648851,0.0045501485,0.0000000089,0.0000000000,0.0000000033,0.0000000000,0.0000000074,0.0000000000,3.0000000000,11.0000000000,2.6931796982,6.6632290567,7.8110401120,0.0167871723,0.0078366750,0.0369045522,1.0609198066,1.4349634091,1.9459218792,1.0000000000,1.0000000000,1.0000000000
0.4900000000,0.0367652513,0.0215631415,0.0035770579,0.0000000004,0.0000000007,0.0000000001,0.0000000000,0.0000000000,0.0000000000,4.0000000000,3.0000000000,2.6959115346,6.7083768108,7.8116191724,0.0175470230,0.0084307820,0.0371849714,1.8332014835,0.8690421244,1.9628265304,1.0000000000,1.0000000000,1.0000000000
0.5000000000,0.0363129869,0.0224136925,0.0025507291,0.0000000004,0.0000000000,0.0000000002,0.0000000000,0.0000000000,0.0000000000,4.0000000000,3.0000000000,2.6991218621,6.6016499281,7.8108759449,0.0183471028,0.0086315230,0.0373028556,2.6711466919,0.9238162966,1.9977359336,1.0000000000,1.0000000000,1.0000000000
0.5100000000,0.0369191919,0.0219259387,0.0016828125,0.0000000005,0.0000000000,0.0000000000,0.0000000000,0.0000000000,0.0000000000,70.0000000000,3.0000000000,2.6860182744,6.6002707931,7.8091252615,0.0183912441,0.0086266156,0.0373544394,3.2278137781,1.8185159303,2.0395475591,1.0000000000,1.0000000000,1.0000000000
0.5200000000,0.0371139035,0.0241057967,0.0011115535,0.0000000004,0.0000000000,0.0000000000,0.0000000000,0.0000000000,0.0000000000,10.0000000000,4.0000000000,2.5848574261,6.5979782101,7.8098174520,0.0180326634,0.0081392272,0.0374790211,3.3098367600,2.1647578919,2.0742190074,1.0000000000,1.0000000000,1.0000000000
0.5300000000,0.0372629116,0.0246202638,0.0008062783,0.0000000000,0.0000000058,0.0000000000,0.0000000009,0.0000000000,0.0000000058,6.0000000000,21.0000000000,2.5639317216,6.5981237437,7.8100710081,0.0176197032,0.0078557325,0.0375285874,3.2762847890,2.5902858937,2.1111568070,1.0000000000,1.0000000000,1.0000000000
0.5400000000,0.0373661199,0.0258750965,0.0008738641,0.0000000000,0.0000000000,0.0000000000,0.0000000000,0.0000000000,0.0000000000,5.0000000000,13.0000000000,2.5353351993,6.5890033087,7.8102672436,0.0171449376,0.0086679959,0.0374945732,3.1039099243,2.8585679334,2.1492540557,1.0000000000,1.0000000000,1.0000000000
0.5500000000,0.0374227438,0.0269934571,0.0013108711,0.0000000006,0.0000000000,0.0000000000,0.0000000000,0.0000000000,0.0000000000,4.0000000000,8.0000000000,2.5160979648,6.5667792062,7.8096732405,0.0166373802,0.0099514787,0.0374002816,2.8263194865,2.6902330145,2.1818251861,1.0000000000,1.0000000000,1.0000000000
0.5600000000,0.0376133320,0.0265063808,0.0020478215,0.0000000000,0.0000000001,0.0000000000,0.0000000000,0.0000000000,0.0000000000,6.0000000000,18.0000000000,2.3994611004,6.5665557897,7.8094148273,0.0160115359,0.0113710563,0.0371834950,2.2129606849,2.5503319305,2.2171877313,1.0000000000,1.0000000000,1.0000000000
0.5700000000,0.0376224513,0.0277404666,0.0030553039,0.0000000002,0.0000000000,0.0000000000,0.0000000000,0.0000000000,0.0000000000,4.0000000000,16.0000000000,2.3696186059,6.5482235235,7.8038679695,0.0153804787,0.0125897998,0.0367185521,1.4938461018,1.7750240152,2.2598095285,1.0000000000,1.0000000000,1.0000000000
0.5800000000,0.0380462808,0.0282858443,0.0043463026,0.0000000000,0.0000000000,0.0000000000,0.0000000000,0.0000000000,0.0000000000,5.0000000000,3.0000000000,2.3010174540,6.4901736226,7.8035269120,0.0147601362,0.0134081288,0.0365415515,0.7519650497,0.5888662253,2.2902092323,1.0000000000,1.0000000000,1.0000000000
0.5900000000,0.0380530305,0.0276001714,0.0054947083,0.0000000000,0.0000000000,0.0000000000,0.0000000000,0.0000000000,0.0000000000,6.0000000000,3.0000000000,2.2746635183,6.4887090044,7.8008496325,0.0141980870,0.0136299948,0.0367696069,0.6555301041,1.2231204660,2.3110423145,1.0000000000,1.0000000000,1.0000000000
0.6000000000,0.0381433213,0.0280402452,0.0062896009,0.0000000000,0.0000000000,0.0000000000,0.0000000000,0.0000000000,0.0000000000,5.0000000000,3.0000000000,2.2602685853,6.4993355190,7.7915141978,0.0137068074,0.0133239660,0.0375636393,1.3651420812,2.4720557709,2.3097826338,1.0000000000,1.0000000000,1.0000000000
0.6100000000,0.0384765527,0.0299970875,0.0067473426,0.0000000001,0.0000000007,0.0000000000,0.0000000000,0.0000000000,0.0000000000,5.0000000000,3.0000000000,2.2110102099,5.7208847477,7.7751990781,0.0133176078,0.0123160259,0.0389594185,2.1449505205,1.7768663231,2.2711939409,1.0000000000,1.0000000000,1.0000000000
0.6200000000,0.0382565925,0.0271333733,0.0076518239,0.0000000001,0.0000000008,0.0000000000,0.0000000001,0.0000000000,0.0000000008,5.0000000000,14.0000000000,2.1393074544,5.7213176715,7.7607928771,0.0130772184,0.0113349062,0.0407615155,2.8141995337,1.1503821801,2.1854961045,1.0000000000,1.0000000000,1.0000000000
0.6300000000,0.0380617107,0.0248608729,0.0082197880,0.0000000001,0.0000000001,0.0000000000,0.0000000000,0.0000000000,0.0000000000,6.0000000000,4.0000000000,2.1076419422,5.7225193109,7.7729754295,0.0129824388,0.0103882086,0.0416588230,3.3435414530,0.7932914320,2.0744441833,1.0000000000,1.0000000000,1.0000000000
0.6400000000,0.0381504323,0.0230327320,0.0080711992,0.0000000000,0.0000000000,0.0000000000,0.0000000000,0.0000000000,0.0000000000,6.0000000000,4.0000000000,2.1111496587,5.7244831775,7.7631988413,0.0129475302,0.0094862446,0.0425954414,3.8271020635,1.0402704593,1.9202652957,1.0000000000,1.0000000000,1.0000000000
0.6500000000,0.0387036285,0.0227160814,0.0070791542,0.0000000017,0.0000000000,0.0000000000,0.0000000000,0.0000000000,0.0000000000,6.0000000000,21.0000000000,2.0745583174,5.6681016585,7.7702359986,0.0131312673,0.0098672915,0.0431357029,3.9874054597,1.5195800661,1.7729426331,1.0000000000,1.0000000000,1.0000000000
0.6600000000,0.0392462452,0.0234301219,0.0055018052,0.0000000021,0.0000000013,0.0000000000,0.0000000000,0.0000000000,0.0000000001,5.0000000000,3.0000000000,1.8889299716,5.6634845580,7.7705764751,0.0135634981,0.0107614357,0.0433723770,3.7327271818,2.0844857950,1.6373386700,1.0000000000,1.0000000000,1.0000000000
0.6700000000,0.0391325147,0.0250490038,0.0037683936,0.0000000003,0.0000000000,0.0000000001,0.0000000000,0.0000000003,0.0000000000,13.0000000000,4.0000000000,1.8882478851,5.6624074861,7.7706771261,0.0140060479,0.0121172109,0.0436877176,3.4956299877,2.3980225234,1.5402153706,1.0000000000,1.0000000000,1.0000000000
0.6800000000,0.0391872009,0.0257384767,0.0020159166,0.0000000000,0.0000000000,0.0000000000,0.0000000000,0.0000000000,0.0000000000,18.0000000000,25.0000000000,1.8174518883,5.6627467467,7.7698599835,0.0145086632,0.0134862681,0.0438446374,3.0727334480,2.7551809079,1.4680460645,1.0000000000,1.0000000000,1.0000000000
0.6900000000,0.0391056459,0.0268453874,0.0004647894,0.0000000000,0.0000000000,0.0000000000,0.0000000000,0.0000000000,0.0000000000,6.0000000000,20.0000000000,1.7236900865,5.6479017967,7.7694453246,0.0150676692,0.0150064726,0.0439673575,2.4560762401,2.8538066909,1.4396480563,1.0000000000,1.0000000000,1.0000000000
0.7000000000,0.0390440915,0.0276994337,0.0000000000,0.0000000001,0.0000000000,0.0000000000,0.0000000000,0.0000000000,0.0000000000,6.0000000000,3.0000000000,1.5542298981,5.6058628650,7.7692169939,0.0156904015,0.0165674209,0.0440918905,1.6885251213,2.5580415222,1.4618464915,1.0000000000,1.0000000000,0.0000000000
0.7100000000,0.0390701893,0.0274946159,0.0000000000,0.0000000002,0.0000000000,0.0000000000,0.0000000000,0.0000000000,0.0000000000,5.0000000000,14.0000000000,1.5647033713,5.6054834656,7.7692003848,0.0162830854,0.0181314166,0.0442182212,1.1719936241,2.2827587579,1.5326574286,1.0000000000,1.0000000000,0.0000000000
0.7200000000,0.0397355584,0.0280592364,0.0000000000,0.0000000000,0.0000000028,0.0000000000,0.0000000000,0.0000000000,0.0000000000,5.0000000000,10.0000000000,1.5747610140,5.5392638399,7.7693991546,0.0168445249,0.0193877832,0.0443463341,1.3120935713,1.1635387333,1.6450212374,1.0000000000,1.0000000000,0.0000000000
0.7300000000,0.0392675186,0.0275755585,0.0021009595,0.0000000000,0.0000000000,0.0000000000,0.0000000000,0.0000000000,0.0000000000,5.0000000000,3.0000000000,1.5835699654,5.4780376004,7.7696492001,0.0173733635,0.0202120440,0.0445946325,1.9693666336,0.4743216665,1.8045782466,1.0000000000,1.0000000000,1.0000000000
0.7400000000,0.0392565077,0.0273883679,0.0044370109,0.0000000000,0.0000000000,0.0000000000,0.0000000000,0.0000000000,0.0000000000,6.0000000000,3.0000000000,1.4802793445,5.4817744124,7.7689890640,0.0177964390,0.0206110077,0.0445509016,2.7358543433,1.7243267760,1.9592273163,1.0000000000,1.0000000000,1.0000000000
0.7500000000,0.0392532854,0.0286822088,0.0067166791,0.0000000000,0.0000000002,0.0000000000,0.0000000000,0.0000000000,0.0000000000,5.0000000000,3.0000000000,1.4074695016,5.5243550442,7.7639250355,0.0181671069,0.0205705272,0.0439357383,3.5143909264,2.9009951666,2.0934023012,1.0000000000,1.0000000000,1.0000000000
0.7600000000,0.0393249491,0.0304829726,0.0085996569,0.0000000000,0.0000000001,0.0000000000,0.0000000000,0.0000000000,0.0000000000,6.0000000000,3.0000000000,1.3084173012,5.5875627716,7.7536395005,0.0184083660,0.0199833035,0.0427364949,4.1840832148,3.5767309839,2.1769156721,1.0000000000,1.0000000000,1.0000000000
0.7700000000,0.0398005401,0.0325387447,0.0097552174,0.0000000000,0.0000000000,0.0000000000,0.0000000000,0.0000000000,0.0000000000,7.0000000000,3.0000000000,1.0385996655,5.0477597858,7.7628070056,0.0183299373,0.0183789150,0.0421860689,4.3411020906,2.4861679931,2.2896708934,1.0000000000,1.0000000000,1.0000000000
0.7800000000,0.0400194852,0.0308825547,0.0101277719,0.0000000002,0.0000000000,0.0000000000,0.0000000000,0.0000000000,0.0000000000,5.0000000000,17.0000000000,0.9165839067,5.0442580415,7.7615651904,0.0181823279,0.0170341281,0.0422016169,4.3186703499,1.3162163235,2.3081142108,1.0000000000,1.0000000000,1.0000000000
0.7900000000,0.0401469469,0.0299402770,0.0095384917,0.0000000000,0.0000000000,0.0000000000,0.0000000000,0.0000000000,0.0000000000,7.0000000000,8.0000000000,0.8711900483,5.0838269618,7.7648151040,0.0180501553,0.0159103051,0.0416897231,4.2537363847,0.1924934435,2.3731301334,1.0000000000,1.0000000000,1.0000000000
0.8000000000,0.0402862184,0.0301689067,0.0084096369,0.0000000047,0.0000000000,0.0000000001,0.0000000000,0.0000000001,0.0000000000,4.0000000000,3.0000000000,0.8181757544,5.1459074125,7.7600427175,0.0179143518,0.0149932689,0.0414476351,4.1365901895,1.2900336336,2.3781991523,1.0000000000,1.0000000000,1.0000000000
0.8100000000,0.0404817322,0.0314170080,0.0064364188,0.0000000005,0.0000000000,0.0000000000,0.0000000000,0.0000000000,0.0000000000,6.0000000000,3.0000000000,0.6417186651,5.1860820565,7.7623697627,0.0176772580,0.0142915657,0.0412045284,3.9190166819,2.4409274958,2.4058597528,1.0000000000,1.0000000000,1.0000000000
0.8200000000,0.0404987318,0.0327092735,0.0042161647,0.0000000001,0.0000000000,0.0000000000,0.0000000000,0.0000000000,0.0000000000,5.0000000000,3.0000000000,0.5789430520,5.1558010446,7.7639329862,0.0174305842,0.0141309780,0.0409854190,3.6888838929,3.0189741448,2.4372862948,1.0000000000,1.0000000000,1.0000000000
0.8300000000,0.0405224811,0.0332923912,0.0019800801,0.0000000000,0.0000000000,0.0000000000,0.0000000000,0.0000000000,0.0000000000,6.0000000000,3.0000000000,0.5020544547,5.0339945417,7.7631249939,0.0171172079,0.0146724409,0.0407999729,3.4360439916,2.7922612967,2.4680280214,1.0000000000,1.0000000000,1.0000000000
0.8400000000,0.0404172989,0.0320821371,0.0000000000,0.0000000000,0.0000000000,0.0000000000,0.0000000000,0.0000000000,0.0000000000,5.0000000000,20.0000000000,0.5193091455,5.0332466700,7.7635065827,0.0167955836,0.0152845995,0.0406146597,3.1924528478,2.5620928602,2.4983438041,1.0000000000,1.0000000000,0.0000000000
0.8500000000,0.0402520672,0.0311686716,0.0000000000,0.0000000000,0.0000000003,0.0000000000,0.0000000001,0.0000000000,0.0000000003,5.0000000000,4.0000000000,0.5443086926,5.0325450096,7.7638300527,0.0164518775,0.0159593206,0.0404294811,2.9121599270,2.3298361679,2.5276762720,1.0000000000,1.0000000000,0.0000000000
0.8600000000,0.0399376212,0.0308974751,0.0000000000,0.0000000000,0.0000000001,0.0000000000,0.0000000000,0.0000000000,0.0000000001,6.0000000000,4.0000000000,0.6013249146,5.0318960613,7.7640901191,0.0161063816,0.0166890180,0.0402444390,2.6893555950,2.0972605178,2.5555352196,1.0000000000,1.0000000000,0.0000000000
0.8700000000,0.0397288520,0.0308486415,0.0000000000,0.0000000001,0.0000000020,0.0000000000,0.0000000003,0.0000000000,0.0000000008,7.0000000000,10.0000000000,0.7090405758,5.0343066304,7.7642828085,0.0156908559,0.0173967752,0.0400595352,2.5686726343,1.8527281900,2.5815034448,1.0000000000,1.0000000000,0.0000000000
0.8800000000,0.0399372790,0.0312229554,0.0000000000,0.0000000000,0.0000000000,0.0000000000,0.0000000000,0.0000000000,0.0000000000,8.0000000000,9.0000000000,0.8297001558,5.0269836720,7.7644055530,0.0152179383,0.0182461264,0.0398747717,2.5484251287,1.3044854528,2.6052403823,1.0000000000,1.0000000000,0.0000000000
0.8900000000,0.0402247200,0.0306495869,0.0000000000,0.0000000000,0.0000000000,0.0000000000,0.0000000000,0.0000000000,0.0000000000,6.0000000000,3.0000000000,0.8887580561,5.0314701369,7.7644572559,0.0147170316,0.0190437211,0.0396901505,2.6674254385,0.7055635229,2.6264839247,1.0000000000,1.0000000000,0.0000000000
0.9000000000,0.0405540434,0.0306520312,0.0013105750,0.0000000003,0.0000000000,0.0000000000,0.0000000000,0.0000000000,0.0000000000,6.0000000000,3.0000000000,0.9332922145,4.9153479906,7.7634278683,0.0142320144,0.0197913926,0.0394480664,2.8701883280,0.4116519450,2.6383321058,1.0000000000,1.0000000000,1.0000000000
0.9100000000,0.0407297237,0.0305063582,0.0029888799,0.0000000000,0.0000000000,0.0000000000,0.0000000000,0.0000000000,0.0000000000,6.0000000000,3.0000000000,0.9463288338,4.8330731450,7.7603872544,0.0137872709,0.0204680428,0.0390056996,3.1323375951,0.9761922002,2.6348404385,1.0000000000,1.0000000000,1.0000000000
0.9200000000,0.0407375935,0.0300813726,0.0046884499,0.0000000000,0.0000000014,0.0000000000,0.0000000003,0.0000000000,0.0000000014,6.0000000000,14.0000000000,0.9268877127,4.8348619480,7.7617515289,0.0134182077,0.0211469196,0.0389594783,3.4398539763,1.6889125134,2.6449594598,1.0000000000,1.0000000000,1.0000000000
0.9300000000,0.0405890450,0.0297132254,0.0063296944,0.0000000013,0.0000000000,0.0000000000,0.0000000000,0.0000000000,0.0000000000,5.0000000000,4.0000000000,0.8799172630,4.8372278352,7.7592227578,0.0131195635,0.0218278152,0.0393544853,3.8000872661,2.4193564569,2.6275549502,1.0000000000,1.0000000000,1.0000000000
0.9400000000,0.0407203639,0.0303220406,0.0077313360,0.0000000001,0.0000000000,0.0000000000,0.0000000000,0.0000000000,0.0000000000,6.0000000000,18.0000000000,0.7828525556,4.8510564633,7.7593920994,0.0129703529,0.0221943811,0.0396749333,4.1201754200,3.0454939350,2.6550086069,1.0000000000,1.0000000000,1.0000000000
0.9500000000,0.0415313994,0.0319913087,0.0087912390,0.0000000000,0.0000000000,0.0000000000,0.0000000000,0.0000000000,0.0000000000,6.0000000000,4.0000000000,0.6424966998,4.7780807843,7.7537753181,0.0129534021,0.0220369072,0.0402791769,4.3159513616,2.7407910514,2.6213189317,1.0000000000,1.0000000000,1.0000000000
0.9600000000,0.0420867181,0.0316546205,0.0090516836,0.0000000003,0.0000000038,0.0000000000,0.0000000008,0.0000000000,0.0000000038,6.0000000000,14.0000000000,0.5780090262,4.7772718467,7.7568617402,0.0129117182,0.0219435122,0.0403496003,4.5517754731,2.4313255557,2.5863919277,1.0000000000,1.0000000000,1.0000000000
0.9700000000,0.0426518309,0.0317746923,0.0088054500,0.0000000001,0.0000000000,0.0000000000,0.0000000000,0.0000000000,0.0000000000,6.0000000000,11.0000000000,0.4687355187,4.7557013789,7.7558200608,0.0128730280,0.0216627651,0.0411462442,4.8635017488,1.7737289513,2.5654856671,1.0000000000,1.0000000000,1.0000000000
0.9800000000,0.0430999286,0.0312663750,0.0079861399,0.0000000029,0.0000000000,0.0000000000,0.0000000000,0.0000000001,0.0000000000,6.0000000000,3.0000000000,0.4042330611,4.7641622619,7.7512697695,0.0127844528,0.0213177913,0.0412328536,5.2597102615,1.0045885486,2.5040202217,1.0000000000,1.0000000000,1.0000000000
0.9900000000,0.0434327981,0.0310152195,0.0066969768,0.0000000000,0.0000000000,0.0000000000,0.0000000000,0.0000000000,0.0000000000,7.0000000000,3.0000000000,0.3570881797,4.7684592992,7.7478796527,0.0126528998,0.0208703087,0.0418742899,5.7359886260,0.2334895168,2.4964873066,1.0000000000,1.0000000000,1.0000000000
1.0000000000,0.0436493136,0.0309549486,0.0052504175,0.0000000001,0.0000000000,0.0000000000,0.0000000000,0.0000000000,0.0000000000,10.0000000000,3.0000000000,0.2992055957,4.7641826959,7.7472054134,0.0125851305,0.0203382123,0.0419996255,6.2639938905,0.8084804817,2.4524706900,1.0000000000,1.0000000000,1.0000000000
1.0100000000,0.0437353036,0.0312384855,0.0034433301,0.0000000051,0.0000000000,0.0000000001,0.0000000000,0.0000000001,0.0000000000,6.0000000000,3.0000000000,0.2436434084,4.7453339148,7.7441169872,0.0125161711,0.0196899627,0.0417893445,6.8197095394,1.6190514315,2.3898526722,1.0000000000,1.0000000000,1.0000000000
1.0200000000,0.0438621016,0.0313429517,0.0015503212,0.0000000007,0.0000000000,0.0000000000,0.0000000000,0.0000000000,0.0000000000,12.0000000000,14.0000000000,0.1475017455,4.7478142107,7.7433823678,0.0125215139,0.0189910829,0.0417475099,7.3344591803,2.4318928705,2.3534416994,1.0000000000,1.0000000000,1.0000000000
1.0300000000,0.0438874648,0.0324360253,0.0000000000,0.0000000000,0.0000000009,0.0000000000,0.0000000000,0.0000000000,0.0000000000,8.0000000000,8.0000000000,0.0928747564,4.6896581887,7.7431137511,0.0125856687,0.0182714139,0.0417103761,7.7711512770,2.7041737870,2.3259039534,1.0000000000,1.0000000000,0.0000000000
1.0400000000,0.0439122433,0.0322742158,0.0000000000,0.0000000000,0.0000000000,0.0000000000,0.0000000000,0.0000000000,0.0000000000,3.0000000000,3.0000000000,0.0749100804,4.6888754145,7.7429537581,0.0126580953,0.0174956699,0.0416779554,8.1394219442,2.9265997730,2.3083971681,1.0000000000,1.0000000000,0.0000000000
1.0500000000,0.0439761705,0.0326175145,0.0000000000,0.0000000009,0.0000000002,0.0000000000,0.0000000000,0.0000000000,0.0000000000,11.0000000000,3.0000000000,0.0536670002,4.6549467431,7.7429087122,0.0127639104,0.0168706810,0.0416502589,8.4038578501,2.7350699830,2.3017426786,1.0000000000,1.0000000000,0.0000000000
1.0600000000,0.0440200133,0.0324531310,0.0000000000,0.0000000006,0.0000000000,0.0000000000,0.0000000000,0.0000000000,0.0000000000,6.0000000000,3.0000000000,0.0408876185,4.6225624592,7.7429825728,0.0128778189,0.0164797455,0.0416272960,8.5707745878,2.2906567796,2.3063616094,1.0000000000,1.0000000000,0.0000000000
1.0700000000,0.0440380944,0.0313228630,0.0001964587,0.0000000006,0.0000000009,0.0000000000,0.0000000002,0.0000000000,0.0000000009,6.0000000000,15.0000000000,0.0300755284,4.6216111845,7.7431809757,0.0129864694,0.0161473129,0.0416169461,8.6434797265,1.8439424328,2.3240237773,1.0000000000,1.0000000000,1.0000000000
1.0800000000,0.0440379859,0.0305041917,0.0022743405,0.0000000002,0.0000000049,0.0000000000,0.0000000011,0.0000000000,0.0000000049,6.0000000000,4.0000000000,0.0185657874,4.6208506411,7.7435757319,0.0130825130,0.0158770585,0.0415950540,8.6232466477,1.3978824020,2.3675728979,1.0000000000,1.0000000000,1.0000000000
1.0900000000,0.0440206355,0.0310224447,0.0045994541,0.0000000001,0.0000000019,0.0000000000,0.0000000000,0.0000000000,0.0000000000,6.0000000000,7.0000000000,0.0012838996,4.3752175989,7.7425713625,0.0131678515,0.0160889590,0.0416854118,8.5134632957,0.7010912310,2.3917017504,1.0000000000,1.0000000000,1.0000000000
1.1000000000,0.0439872657,0.0302349917,0.0066541319,0.0000000001,0.0000000028,0.0000000000,0.0000000006,0.0000000000,0.0000000028,6.0000000000,20.0000000000,0.0149198192,4.3753952815,7.7405412434,0.0132447453,0.0163325372,0.0413268698,8.3095267297,0.1447429550,2.4201720520,1.0000000000,1.0000000000,1.0000000000
1.1100000000,0.0439333547,0.0298593701,0.0086080146,0.0000000000,0.0000000004,0.0000000000,0.0000000001,0.0000000000,0.0000000003,6.0000000000,8.0000000000,0.0305492653,4.3765052456,7.7332266768,0.0133150293,0.0166264501,0.0401800325,8.0134244440,0.7408758318,2.4213369479,1.0000000000,1.0000000000,1.0000000000
1.1200000000,0.0438739092,0.0299511353,0.0098178216,0.0000000001,0.0000000000,0.0000000000,0.0000000000,0.0000000000,0.0000000000,6.0000000000,8.0000000000,0.0485038595,4.3795307793,7.7398049382,0.0133892612,0.0171319316,0.0400330148,7.6323466291,1.4179426117,2.4078734263,1.0000000000,1.0000000000,1.0000000000
1.1300000000,0.0438025548,0.0302615038,0.0104380675,0.0000000014,0.0000000000,0.0000000000,0.0000000000,0.0000000000,0.0000000000,6.0000000000,3.0000000000,0.0585076691,4.3618291077,7.7302695028,0.0134712083,0.0176965912,0.0389382305,7.1770508355,1.9641851741,2.3740678574,1.0000000000,1.0000000000,1.0000000000
1.1400000000,0.0436888069,0.0307652038,0.0102793714,0.0000000008,0.0000000000,0.0000000000,0.0000000000,0.0000000000,0.0000000000,7.0000000000,18.0000000000,0.0629650829,4.3631709900,7.7423273516,0.0135760271,0.0182612648,0.0387244409,6.6577588484,2.5082759706,2.3250791470,1.0000000000,1.0000000000,1.0000000000
1.1500000000,0.0436213135,0.0316951624,0.0092951338,0.0000000002,0.0000000000,0.0000000000,0.0000000000,0.0000000000,0.0000000000,6.0000000000,18.0000000000,0.0682127793,4.3344148163,7.7340111638,0.0137346189,0.0188759317,0.0377819731,6.1186550725,2.5654958725,2.2487541544,1.0000000000,1.0000000000,1.0000000000
1.1600000000,0.0435131192,0.0316451268,0.0074723873,0.0000000002,0.0000000000,0.0000000000,0.0000000000,0.0000000000,0.0000000000,6.0000000000,3.0000000000,0.0776407603,4.3123792084,7.7429657145,0.0139054133,0.0194092316,0.0374066755,5.5963013586,2.3808983265,2.1768115025,1.0000000000,1.0000000000,1.0000000000
1.1700000000,0.0433688764,0.0311216029,0.0051450032,0.0000000020,0.0000000000,0.0000000000,0.0000000000,0.0000000000,0.0000000000,6.0000000000,13.0000000000,0.0839272087,4.3119948353,7.7431369935,0.0140763739,0.0199620261,0.0371944469,5.1061177762,2.1925822905,2.1243174274,1.0000000000,1.0000000000,1.0000000000
1.1800000000,0.0431682121,0.0309535635,0.0027217613,0.0000000000,0.0000000000,0.0000000000,0.0000000000,0.0000000000,0.0000000000,7.0000000000,8.0000000000,0.0958922754,4.3029623983,7.7397611888,0.0142313125,0.0204173460,0.0371533457,4.6562496861,1.7919804532,2.0823123982,1.0000000000,1.0000000000,1.0000000000
1.1900000000,0.0429079971,0.0305859626,0.0004787564,0.0000000001,0.0000000000,0.0000000000,0.0000000000,0.0000000000,0.0000000000,6.0000000000,3.0000000000,0.1056723063,4.3047469243,7.7394572556,0.0143634012,0.0207885688,0.0371374406,4.2588248949,1.2886333939,2.0501156816,1.0000000000,1.0000000000,1.0000000000
1.2000000000,0.0425440415,0.0305079110,0.0000000000,0.0000000022,0.0000000000,0.0000000000,0.0000000000,0.0000000001,0.0000000000,6.0000000000,3.0000000000,0.1329328445,4.2813015530,7.7394720598,0.0144488309,0.0209920750,0.0371244308,3.8663530709,0.6579723980,2.0290453744,1.0000000000,1.0000000000,0.0000000000
1.2100000000,0.0421650265,0.0300762567,0.0000000000,0.0000000000,0.0000000000,0.0000000000,0.0000000000,0.0000000000,0.0000000000,6.0000000000,15.0000000000,0.1658698601,4.2832898464,7.7394752600,0.0144905570,0.0211333157,0.0371143195,3.4504652398,0.1031312292,2.0200965152,1.0000000000,1.0000000000,0.0000000000
1.2200000000,0.0417245964,0.0302688947,0.0000000000,0.0000000055,0.0000000000,0.0000000001,0.0000000000,0.0000000002,0.0000000000,6.0000000000,8.0000000000,0.1804248182,4.2853760542,7.7394684703,0.0144734324,0.0210675314,0.0371071089,2.9960375879,0.6440622082,2.0238628245,1.0000000000,1.0000000000,0.0000000000
1.2300000000,0.0412753367,0.0302116812,0.0000000000,0.0000000055,0.0000000000,0.0000000000,0.0000000000,0.0000000001,0.0000000000,7.0000000000,3.0000000000,0.2052754220,4.2949599871,7.7394535284,0.0144457579,0.0208756209,0.0371028008,2.4546742133,1.2739811780,2.0404823343,1.0000000000,1.0000000000,0.0000000000
1.2400000000,0.0409885630,0.0308165077,0.0000000000,0.0000000001,0.0000000005,0.0000000000,0.0000000000,0.0000000000,0.0000000000,9.0000000000,3.0000000000,0.2527906619,4.2232044951,7.7394324632,0.0145109753,0.0205518134,0.0371013962,1.8986300509,1.7498759361,2.0696270809,1.0000000000,1.0000000000,0.0000000000
1.2500000000,0.0407629887,0.0312793805,0.0000915769,0.0000000008,0.0000000000,0.0000000000,0.0000000000,0.0000000000,0.0000000000,6.0000000000,3.0000000000,0.2730141718,3.9875354268,7.7393487480,0.0146061099,0.0200534222,0.0370956801,1.4239631843,1.8966658297,2.1104452961,1.0000000000,1.0000000000,1.0000000000
1.2600000000,0.0407310624,0.0307782422,0.0019677598,0.0000000001,0.0000000000,0.0000000000,0.0000000000,0.0000000000,0.0000000000,6.0000000000,3.0000000000,0.2882846689,3.9602940198,7.7396241051,0.0146939093,0.0194473236,0.0370527649,1.0542708504,1.9762832118,2.1761048812,1.0000000000,1.0000000000,1.0000000000
1.2700000000,0.0407878979,0.0299481425,0.0041039395,0.0000000000,0.0000000004,0.0000000000,0.0000000001,0.0000000000,0.0000000004,6.0000000000,12.0000000000,0.3026655935,3.9604544915,7.7400401079,0.0147721475,0.0188417013,0.0372673997,0.8611299510,2.0542862474,2.2750878818,1.0000000000,1.0000000000,1.0000000000
1.2800000000,0.0408265764,0.0290748697,0.0063357110,0.0000000000,0.0000000000,0.0000000000,0.0000000000,0.0000000000,0.0000000000,6.0000000000,4.0000000000,0.3086325523,3.9606164070,7.7389566526,0.0148605497,0.0182366026,0.0377083456,0.8760648418,2.1304474580,2.3375410196,1.0000000000,1.0000000000,1.0000000000
1.2900000000,0.0408235418,0.0284871637,0.0080172892,0.0000000018,0.0000000000,0.0000000000,0.0000000000,0.0000000001,0.0000000000,5.0000000000,4.0000000000,0.3099975644,3.9607789012,7.7386948685,0.0149807408,0.0176320815,0.0376655037,1.0887366082,2.2045611007,2.4382864634,1.0000000000,1.0000000000,1.0000000000
1.3000000000,0.0407650306,0.0286820748,0.0094841091,0.0000000000,0.0000000000,0.0000000000,0.0000000000,0.0000000000,0.0000000000,6.0000000000,12.0000000000,0.3073422262,3.9684805996,7.7302522152,0.0151620892,0.0168924182,0.0384107426,1.4472056280,2.1275004547,2.5231213624,1.0000000000,1.0000000000,1.0000000000
1.3100000000,0.0407135757,0.0291650642,0.0102174328,0.0000000057,0.0000000000,0.0000000001,0.0000000000,0.0000000002,0.0000000000,5.0000000000,3.0000000000,0.2970903328,3.8562475900,7.7342637544,0.0154251792,0.0161216979,0.0387412152,1.9342591697,1.5216505119,2.6288361415,1.0000000000,1.0000000000,1.0000000000
1.3200000000,0.0407100482,0.0281902517,0.0104054734,0.0000000021,0.0000000000,0.0000000000,0.0000000000,0.0000000000,0.0000000000,6.0000000000,3.0000000000,0.2715678266,3.8577763770,7.7320973377,0.0157277795,0.0155294240,0.0393171086,2.5244765497,0.8949585362,2.6790776032,1.0000000000,1.0000000000,1.0000000000
1.3300000000,0.0409205218,0.0280842685,0.0098816224,0.0000000000,0.0000000000,0.0000000000,0.0000000000,0.0000000000,0.0000000000,5.0000000000,4.0000000000,0.2262661932,3.8447549628,7.7204609176,0.0160501457,0.0151198946,0.0407720263,3.1859665086,0.2124088418,2.7626988565,1.0000000000,1.0000000000,1.0000000000
1.3400000000,0.0414105455,0.0277502822,0.0086354119,0.0000000000,0.0000000000,0.0000000000,0.0000000000,0.0000000000,0.0000000000,8.0000000000,3.0000000000,0.1562297266,3.8353323431,7.7303211817,0.0162853200,0.0149268816,0.0414011761,3.8352426936,0.5900916020,2.7644231088,1.0000000000,1.0000000000,1.0000000000
1.3500000000,0.0420491955,0.0277165254,0.0065950114,0.0000000006,0.0000000000,0.0000000000,0.0000000000,0.0000000000,0.0000000000,6.0000000000,3.0000000000,0.0470461009,3.8403304641,7.7324489667,0.0163520244,0.0149394837,0.0416587936,4.3125539745,1.2999172479,2.7592058127,1.0000000000,1.0000000000,1.0000000000
1.3600000000,0.0424256780,0.0281194050,0.0042806961,0.0000000000,0.0000000000,0.0000000000,0.0000000000,0.0000000000,0.0000000000,8.0000000000,3.0000000000,0.0017230358,3.8494438593,7.7301582096,0.0164558545,0.0151697589,0.0420625352,4.7321277848,1.9134009782,2.7603712619,1.0000000000,1.0000000000,1.0000000000
1.3700000000,0.0427307683,0.0287889678,0.0017196680,0.0000000000,0.0000000000,0.0000000000,0.0000000000,0.0000000000,0.0000000000,3.0000000000,3.0000000000,0.0009867839,3.8116862983,7.7299433054,0.0166207682,0.0156719763,0.0423278428,5.1433329367,2.2113208778,2.7590002949,1.0000000000,1.0000000000,1.0000000000
1.3800000000,0.0430430372,0.0290265040,0.0012001740,0.0000000060,0.0000000000,0.0000000000,0.0000000000,0.0000000001,0.0000000000,2.0000000000,3.0000000000,0.0005882993,3.7877871523,7.7294709873,0.0168044961,0.0163020307,0.0426120138,5.5569775979,2.2793623212,2.7803860756,1.0000000000,1.0000000000,1.0000000000
1.3900000000,0.0433054146,0.0288442670,0.0010376020,0.0000000000,0.0000000000,0.0000000000,0.0000000000,0.0000000000,0.0000000000,3.0000000000,14.0000000000,0.0014143705,3.7879322896,7.7295035219,0.0170400566,0.0169354260,0.0428566834,5.9969856453,2.3453332316,2.8150124345,1.0000000000,1.0000000000,1.0000000000
1.4000000000,0.0435821132,0.0287993080,0.0011699143,0.0000000000,0.0000000007,0.0000000000,0.0000000000,0.0000000000,0.0000000000,3.0000000000,15.0000000000,0.0018807592,3.7811314881,7.7293331812,0.0173237523,0.0177299408,0.0430861677,6.4778721496,2.2059616893,2.8623121441,1.0000000000,1.0000000000,1.0000000000
1.4100000000,0.0438697430,0.0288466498,0.0015756830,0.0000000000,0.0000000017,0.0000000000,0.0000000004,0.0000000000,0.0000000017,3.0000000000,15.0000000000,0.0050025481,3.7808758449,7.7297317455,0.0176585114,0.0185247777,0.0432278036,7.0030941852,2.0645491222,2.9105384274,1.0000000000,1.0000000000,1.0000000000
1.4200000000,0.0441187747,0.0289346707,0.0022320300,0.0000000000,0.0000000000,0.0000000000,0.0000000000,0.0000000000,0.0000000000,3.0000000000,8.0000000000,0.0063763233,3.7712536445,7.7310578394,0.0180094169,0.0192795609,0.0431887146,7.5639173673,1.5978116452,2.9443922105,1.0000000000,1.0000000000,1.0000000000
1.4300000000,0.0442919639,0.0287734955,0.0029184945,0.0000000000,0.0000000000,0.0000000000,0.0000000000,0.0000000000,0.0000000000,3.0000000000,3.0000000000,0.0076084649,3.7625210782,7.7305409591,0.0183942935,0.0199472281,0.0429544279,8.1524726475,0.9604371587,2.9786408086,1.0000000000,1.0000000000,1.0000000000
1.4400000000,0.0444623683,0.0285519015,0.0037192726,0.0000000000,0.0000000000,0.0000000000,0.0000000000,0.0000000000,0.0000000000,3.0000000000,3.0000000000,0.0054844288,3.7496706781,7.7289949865,0.0187612565,0.0204943978,0.0425285088,8.7486663655,0.2599674416,3.0273486802,1.0000000000,1.0000000000,1.0000000000
1.4500000000,0.0445507394,0.0282073918,0.0045387354,0.0000000000,0.0000000000,0.0000000000,0.0000000000,0.0000000000,0.0000000000,3.0000000000,3.0000000000,0.0078010642,3.7587899445,7.7236301027,0.0190707792,0.0208735250,0.0417050672,9.3125953776,0.5589874914,3.0506290257,1.0000000000,1.0000000000,1.0000000000
1.4600000000,0.0445962901,0.0283135544,0.0051492519,0.0000000000,0.0000000000,0.0000000000,0.0000000000,0.0000000000,0.0000000000,3.0000000000,3.0000000000,0.0061483233,3.7626662059,7.7196980915,0.0193444903,0.0210997200,0.0404466183,9.8300384927,1.2636941970,3.0540006004,1.0000000000,1.0000000000,1.0000000000
1.4700000000,0.0446764302,0.0283569092,0.0054398066,0.0000000000,0.0000000000,0.0000000000,0.0000000000,0.0000000000,0.0000000000,3.0000000000,3.0000000000,0.0099824486,3.7696868735,7.7153081922,0.0195257053,0.0211914231,0.0389086825,10.2535181181,1.9391982654,3.0234029494,1.0000000000,1.0000000000,1.0000000000
1.4800000000,0.0447352449,0.0292102815,0.0052016066,0.0000000000,0.0000000000,0.0000000000,0.0000000000,0.0000000000,0.0000000000,3.0000000000,3.0000000000,0.0170253824,3.6398236373,7.7255236946,0.0196385992,0.0209354357,0.0377279914,10.5649927724,2.2110226035,3.0324049626,1.0000000000,1.0000000000,1.0000000000
1.4900000000,0.0447716762,0.0291837074,0.0048439686,0.0000000000,0.0000000000,0.0000000000,0.0000000000,0.0000000000,0.0000000000,3.0000000000,3.0000000000,0.0151775982,3.6063938619,7.7323916733,0.0197026933,0.0205589814,0.0369137708,10.7655724386,2.3045051337,3.0527870545,1.0000000000,1.0000000000,1.0000000000
1.5000000000,0.0447908813,0.0288961313,0.0043976823,0.0000000027,0.0000000000,0.0000000000,0.0000000000,0.0000000000,0.0000000000,2.0000000000,14.0000000000,0.0160244522,3.6059769709,7.7357879406,0.0197230605,0.0202054474,0.0365059214,10.8459723440,2.3889881183,3.0778954872,1.0000000000,1.0000000000,1.0000000000
1.5100000000,0.0447907866,0.0286364319,0.0039229262,0.0000000001,0.0000000000,0.0000000000,0.0000000000,0.0000000000,0.0000000000,2.0000000000,8.0000000000,0.0154081684,3.6061316027,7.7384324231,0.0197067322,0.0198670615,0.0365037185,10.8098790986,2.4708629792,3.0977798118,1.0000000000,1.0000000000,1.0000000000
1.5200000000,0.0447706822,0.0288805143,0.0042517780,0.0000000000,0.0000000006,0.0000000000,0.0000000000,0.0000000000,0.0000000000,2.0000000000,8.0000000000,0.0157233590,3.6075471792,7.7383809739,0.0196533632,0.0193932732,0.0368991793,10.6626212192,2.3441494658,3.1040602836,1.0000000000,1.0000000000,1.0000000000
1.5300000000,0.0447340431,0.0289653373,0.0050692372,0.0000000003,0.0000000000,0.0000000000,0.0000000000,0.0000000000,0.0000000000,2.0000000000,3.0000000000,0.0159801247,3.5362819682,7.7347094850,0.0195618948,0.0186963046,0.0370372854,10.4059835805,1.7814847294,3.1248270042,1.0000000000,1.0000000000,1.0000000000
1.5400000000,0.0447045414,0.0283025111,0.0058055582,0.0000000057,0.0000000000,0.0000000001,0.0000000000,0.0000000001,0.0000000000,2.0000000000,17.0000000000,0.0168363005,3.5358125928,7.7245939933,0.0194256788,0.0180086205,0.0373039595,10.0465624850,1.2167684361,3.1376753362,1.0000000000,1.0000000000,1.0000000000
1.5500000000,0.0446890177,0.0282984220,0.0064694883,0.0000000000,0.0000000001,0.0000000000,0.0000000000,0.0000000000,0.0000000000,3.0000000000,7.0000000000,0.0111919388,3.4879061867,7.7088035051,0.0192419562,0.0173847501,0.0376761632,9.5927614472,0.4807174837,3.1525427018,1.0000000000,1.0000000000,1.0000000000
1.5600000000,0.0446841539,0.0280079713,0.0067252534,0.0000000000,0.0000000000,0.0000000000,0.0000000000,0.0000000000,0.0000000000,3.0000000000,3.0000000000,0.0036557777,3.4933527090,7.6908829328,0.0189920767,0.0168294876,0.0385933780,9.0696332657,0.2647128522,3.1445307419,1.0000000000,1.0000000000,1.0000000000
1.5700000000,0.0446627785,0.0280063773,0.0065048906,0.0000000000,0.0000000024,0.0000000000,0.0000000000,0.0000000000,0.0000000001,3.0000000000,3.0000000000,0.0017404902,3.4748069490,7.7047222486,0.0186973788,0.0163631426,0.0391740526,8.5028731242,0.9863167445,3.1328804282,1.0000000000,1.0000000000,1.0000000000
1.5800000000,0.0446052845,0.0280697343,0.0058626044,0.0000000000,0.0000000000,0.0000000000,0.0000000000,0.0000000000,0.0000000000,3.0000000000,3.0000000000,0.0008444484,3.4776574861,7.7103437398,0.0183460944,0.0159753452,0.0393012776,7.9429166152,1.6581868016,3.1373977857,1.0000000000,1.0000000000,1.0000000000
1.5900000000,0.0444849288,0.0285878864,0.0049840281,0.0000000000,0.0000000000,0.0000000000,0.0000000000,0.0000000000,0.0000000000,3.0000000000,3.0000000000,0.0006719315,3.4812043158,7.7066688768,0.0180089294,0.0157448472,0.0396528982,7.3913501359,2.1712982874,3.1181771504,1.0000000000,1.0000000000,1.0000000000
1.6000000000,0.0443207749,0.0290042528,0.0039249830,0.0000000000,0.0000000000,0.0000000000,0.0000000000,0.0000000000,0.0000000000,3.0000000000,3.0000000000,0.0029853512,3.4780122524,7.6986784801,0.0176876480,0.0157162602,0.0404362667,6.8523127704,2.4313957434,3.1020658632,1.0000000000,1.0000000000,1.0000000000
1.6100000000,0.0440918997,0.0293127886,0.0026184928,0.0000000000,0.0000000000,0.0000000000,0.0000000000,0.0000000000,0.0000000000,3.0000000000,3.0000000000,0.0013409152,3.4803096875,7.6977709567,0.0173959652,0.0157533971,0.0410436974,6.3207876340,2.6428140064,3.1111821727,1.0000000000,1.0000000000,1.0000000000
1.6200000000,0.0438368490,0.0298163822,0.0014294420,0.0000000000,0.0000000000,0.0000000000,0.0000000000,0.0000000000,0.0000000000,3.0000000000,3.0000000000,0.0011574782,3.4844980628,7.6962979169,0.0171255918,0.0159689767,0.0415562707,5.7985761317,2.5911491975,3.1473608908,1.0000000000,1.0000000000,1.0000000000
1.6300000000,0.0435306327,0.0298058882,0.0004857828,0.0000000000,0.0000000000,0.0000000000,0.0000000000,0.0000000000,0.0000000000,3.0000000000,19.0000000000,0.0005769547,3.4844022136,7.6956687131,0.0168950712,0.0162167115,0.0420367073,5.2643353067,2.5368008860,3.2155246115,1.0000000000,1.0000000000,1.0000000000
1.6400000000,0.0431844393,0.0303672939,0.0000000000,0.0000000000,0.0000000000,0.0000000000,0.0000000000,0.0000000000,0.0000000000,3.0000000000,8.0000000000,0.0047483805,3.4773767489,7.6957266575,0.0166802327,0.0167107568,0.0425270182,4.7123665382,2.1034604803,3.3151700014,1.0000000000,1.0000000000,0.0000000000
1.6500000000,0.0427482330,0.0299882053,0.0008306481,0.0000000000,0.0000000000,0.0000000000,0.0000000000,0.0000000000,0.0000000000,3.0000000000,3.0000000000,0.0062944749,3.4932379227,7.6960262920,0.0165445542,0.0172281658,0.0429651420,4.1116361464,1.5625373017,3.4367464705,1.0000000000,1.0000000000,1.0000000000
1.6600000000,0.0422239460,0.0301116558,0.0035085864,0.0000000000,0.0000000000,0.0000000000,0.0000000000,0.0000000000,0.0000000000,3.0000000000,3.0000000000,0.0074425338,3.4284082369,7.6967856249,0.0164826239,0.0178411617,0.0431365819,3.4350325362,0.7773714052,3.5421840455,1.0000000000,1.0000000000,1.0000000000
1.6700000000,0.0418794554,0.0298252584,0.0060269765,0.0000000000,0.0000000000,0.0000000000,0.0000000000,0.0000000000,0.0000000000,3.0000000000,3.0000000000,0.0201220261,3.3511094364,7.6936370901,0.0162479041,0.0184551703,0.0429547950,2.7442627349,0.1074656426,3.6009573988,1.0000000000,1.0000000000,1.0000000000
1.6800000000,0.0415431848,0.0297012099,0.0081713908,0.0000000000,0.0000000000,0.0000000000,0.0000000000,0.0000000000,0.0000000000,3.0000000000,3.0000000000,0.0196971902,3.3044306113,7.6806101415,0.0159465653,0.0190417506,0.0424568873,2.1428624157,0.9359909397,3.5849821990,1.0000000000,1.0000000000,1.0000000000
1.6900000000,0.0413228257,0.0297958155,0.0095574239,0.0000000000,0.0000000000,0.0000000000,0.0000000000,0.0000000000,0.0000000000,3.0000000000,3.0000000000,0.0199721965,3.2554998621,7.6552627585,0.0156746766,0.0195744705,0.0418179480,1.6312102007,1.7052199740,3.4870742761,1.0000000000,1.0000000000,1.0000000000
1.7000000000,0.0412698027,0.0298278830,0.0099925930,0.0000000000,0.0000000001,0.0000000000,0.0000000000,0.0000000000,0.0000000001,3.0000000000,11.0000000000,0.0218068024,3.2566506371,7.6712028613,0.0154439582,0.0201114530,0.0407829533,1.2416632857,2.4738584635,3.3236503512,1.0000000000,1.0000000000,1.0000000000
1.7100000000,0.0412770939,0.0305145291,0.0095032431,0.0000000000,0.0000000001,0.0000000000,0.0000000000,0.0000000000,0.0000000000,3.0000000000,4.0000000000,0.0260329321,3.2581970180,7.6552360773,0.0152735433,0.0206523657,0.0400587454,1.0011911453,3.2407079698,3.1677709428,1.0000000000,1.0000000000,1.0000000000
1.7200000000,0.0412882269,0.0318478569,0.0083557453,0.0000000000,0.0000000000,0.0000000000,0.0000000000,0.0000000000,0.0000000000,3.0000000000,23.0000000000,0.0280699729,3.3048259975,7.6695003785,0.0151873682,0.0210651715,0.0392445033,0.9083274540,3.7615099588,2.9973556357,1.0000000000,1.0000000000,1.0000000000
1.7300000000,0.0412855070,0.0333265239,0.0064738046,0.0000000000,0.0000000000,0.0000000000,0.0000000000,0.0000000000,0.0000000000,3.0000000000,3.0000000000,0.0273547199,3.3352529308,7.6773651189,0.0151668908,0.0213187100,0.0387876631,0.9491485499,3.9802619699,2.8777647782,1.0000000000,1.0000000000,1.0000000000
1.7400000000,0.0412609744,0.0345820676,0.0045215544,0.0000000000,0.0000000000,0.0000000000,0.0000000000,0.0000000000,0.0000000000,3.0000000000,3.0000000000,0.0288295884,3.3291958345,7.6814217044,0.0151850240,0.0214492626,0.0386813207,1.1044378029,3.8169760236,2.8124565409,1.0000000000,1.0000000000,1.0000000000
1.7500000000,0.0412501477,0.0352749567,0.0024391156,0.0000000000,0.0000000000,0.0000000000,0.0000000000,0.0000000000,0.0000000000,3.0000000000,18.0000000000,0.0266466780,3.3305440252,7.6810994662,0.0152134549,0.0216503367,0.0387983164,1.3570618981,3.6288780228,2.8015108838,1.0000000000,1.0000000000,1.0000000000
1.7600000000,0.0412731675,0.0362846230,0.0004941924,0.0000000077,0.0000000000,0.0000000001,0.0000000000,0.0000000002,0.0000000000,2.0000000000,9.0000000000,0.0275236069,3.3075489869,7.6814839631,0.0152529277,0.0215549826,0.0389443531,1.6853017262,2.9729485580,2.8406274061,1.0000000000,1.0000000000,1.0000000000
1.7700000000,0.0414128606,0.0367606886,0.0000000000,0.0000000000,0.0000000000,0.0000000000,0.0000000000,0.0000000000,0.0000000000,3.0000000000,3.0000000000,0.0284178250,3.2357450398,7.6822230516,0.0152883537,0.0210625735,0.0390919791,2.0658586456,1.6889637002,2.9273495984,1.0000000000,1.0000000000,0.0000000000
1.7800000000,0.0416713267,0.0363753345,0.0007653959,0.0000000000,0.0000000000,0.0000000000,0.0000000000,0.0000000000,0.0000000000,3.0000000000,3.0000000000,0.0325192395,3.2766753047,7.6826371287,0.0153213748,0.0204784728,0.0392155487,2.4735897004,0.2648396268,3.0525022841,1.0000000000,1.0000000000,1.0000000000
1.7900000000,0.0420657539,0.0364105502,0.0021635303,0.0000000000,0.0000000000,0.0000000000,0.0000000000,0.0000000000,0.0000000000,3.0000000000,3.0000000000,0.0312627846,3.2949619775,7.6806266149,0.0153355471,0.0198346513,0.0393631312,2.8629464440,1.2069074799,3.1962178129,1.0000000000,1.0000000000,1.0000000000
1.8000000000,0.0425309119,0.0368565737,0.0036840675,0.0000000000,0.0000000000,0.0000000000,0.0000000000,0.0000000000,0.0000000000,3.0000000000,3.0000000000,0.0265780939,3.2914254171,7.6691172291,0.0153165480,0.0191060526,0.0393034038,3.1551466633,2.5960607488,3.3400252337,1.0000000000,1.0000000000,1.0000000000
1.8100000000,0.0428562452,0.0376780928,0.0051577125,0.0000000012,0.0000000000,0.0000000000,0.0000000000,0.0000000000,0.0000000000,2.0000000000,3.0000000000,0.0198581192,3.2764388377,7.6475610261,0.0153067406,0.0183537118,0.0389461248,3.3965204421,3.6547920651,3.4684307086,1.0000000000,1.0000000000,1.0000000000
1.8200000000,0.0431266870,0.0376896343,0.0063574765,0.0000000084,0.0000000000,0.0000000001,0.0000000000,0.0000000000,0.0000000000,2.0000000000,3.0000000000,0.0152504096,3.2875009100,7.6190562645,0.0153109784,0.0176800404,0.0381991336,3.6164121406,4.2443348764,3.5847486391,1.0000000000,1.0000000000,1.0000000000
1.8300000000,0.0433728752,0.0376924053,0.0071608144,0.0000000024,0.0000000000,0.0000000000,0.0000000000,0.0000000000,0.0000000000,2.0000000000,3.0000000000,0.0141490051,3.3102943729,7.5838882439,0.0153206238,0.0170233186,0.0372600943,3.8247609040,4.5407322658,3.6701190805,1.0000000000,1.0000000000,1.0000000000
1.8400000000,0.0435910567,0.0380220677,0.0073411274,0.0000000034,0.0000000000,0.0000000000,0.0000000000,0.0000000000,0.0000000000,2.0000000000,3.0000000000,0.0148774362,3.3122447847,7.5496647992,0.0153316380,0.0163562412,0.0362123268,4.0358653713,4.6207172132,3.7506282736,1.0000000000,1.0000000000,1.0000000000
1.8500000000,0.0438010376,0.0380189699,0.0068927007,0.0000000046,0.0000000000,0.0000000000,0.0000000000,0.0000000000,0.0000000000,2.0000000000,3.0000000000,0.0183833941,3.2939531603,7.5317473028,0.0153455890,0.0157948460,0.0355184317,4.2664538644,4.4286099424,3.8377391044,1.0000000000,1.0000000000,1.0000000000
1.8600000000,0.0440174191,0.0380239222,0.0061643738,0.0000000025,0.0000000000,0.0000000000,0.0000000000,0.0000000000,0.0000000000,2.0000000000,3.0000000000,0.0214161262,3.2882210844,7.5500513715,0.0153598840,0.0152872445,0.0351838989,4.5230375763,4.1554413821,3.8888308659,1.0000000000,1.0000000000,1.0000000000
1.8700000000,0.0442463564,0.0376700292,0.0047274578,0.0000000033,0.0000000000,0.0000000000,0.0000000000,0.0000000001,0.0000000000,2.0000000000,9.0000000000,0.0224022938,3.2874931275,7.5607914994,0.0153755758,0.0148182720,0.0350286754,4.8056672394,3.8783989928,3.9267911547,1.0000000000,1.0000000000,1.0000000000
1.8800000000,0.0444594576,0.0375421250,0.0029487992,0.0000000091,0.0000000000,0.0000000001,0.0000000000,0.0000000002,0.0000000000,2.0000000000,15.0000000000,0.0260592182,3.2924578575,7.5607318286,0.0153969920,0.0144803164,0.0348767385,5.1129731970,3.4241405506,4.0073831081,1.0000000000,1.0000000000,1.0000000000
1.8900000000,0.0446409595,0.0378283266,0.0034064963,0.0000000000,0.0000000000,0.0000000000,0.0000000000,0.0000000000,0.0000000000,3.0000000000,3.0000000000,0.0255186476,3.2087892720,7.5600136459,0.0154177642,0.0144969378,0.0348148083,5.4400967265,2.4387456900,4.1003804468,1.0000000000,1.0000000000,1.0000000000
1.9000000000,0.0447946576,0.0383050136,0.0051405271,0.0000000098,0.0000000000,0.0000000001,0.0000000000,0.0000000003,0.0000000000,2.0000000000,3.0000000000,0.0287532498,3.1606964036,7.5441342404,0.0154355989,0.0147679790,0.0350866211,5.7821982929,1.2615235863,4.1481482965,1.0000000000,1.0000000000,1.0000000000
1.9100000000,0.0449380004,0.0379863516,0.0065004381,0.0000000000,0.0000000000,0.0000000000,0.0000000000,0.0000000000,0.0000000000,3.0000000000,11.0000000000,0.0302020888,3.1608687627,7.5240191792,0.0154478281,0.0150869870,0.0356814758,6.1296905632,0.1254001652,4.1365059281,1.0000000000,1.0000000000,1.0000000000
1.9200000000,0.0450260457,0.0378397300,0.0073101827,0.0000000000,0.0000000000,0.0000000000,0.0000000000,0.0000000000,0.0000000000,3.0000000000,7.0000000000,0.0302232651,3.2169214741,7.4903202840,0.0154669765,0.0155647068,0.0366244167,6.4873105117,1.1185987960,4.0339797342,1.0000000000,1.0000000000,1.0000000000
1.9300000000,0.0451016391,0.0381683161,0.0075736590,0.0000000000,0.0000000000,0.0000000000,0.0000000000,0.0000000000,0.0000000000,3.0000000000,3.0000000000,0.0295369406,3.2673602066,7.4515786915,0.0154788352,0.0161078559,0.0378948456,6.8370088962,2.2236470192,3.8451062803,1.0000000000,1.0000000000,1.0000000000
1.9400000000,0.0451542607,0.0377968189,0.0068698010,0.0000000000,0.0000000000,0.0000000000,0.0000000000,0.0000000000,0.0000000000,3.0000000000,3.0000000000,0.0273962837,3.1950254692,7.4083731357,0.0154872350,0.0166373477,0.0393612907,7.1666096619,3.2113668443,3.6178500655,1.0000000000,1.0000000000,1.0000000000
1.9500000000,0.0452074197,0.0379990078,0.0053420416,0.0000000000,0.0000000000,0.0000000000,0.0000000000,0.0000000000,0.0000000000,3.0000000000,3.0000000000,0.0217123452,2.7932568299,7.3890341491,0.0155046718,0.0170088183,0.0408703894,7.4713007547,3.7233958653,3.4822768596,1.0000000000,1.0000000000,1.0000000000
1.9600000000,0.0452562838,0.0382243558,0.0034014713,0.0000000000,0.0000000000,0.0000000000,0.0000000000,0.0000000000,0.0000000000,3.0000000000,3.0000000000,0.0180635541,2.6126732929,7.3766929136,0.0155097251,0.0173664328,0.0423398217,7.7246665332,3.7873316557,3.5066731528,1.0000000000,1.0000000000,1.0000000000
1.9700000000,0.0453004675,0.0378519522,0.0012557359,0.0000000000,0.0000000006,0.0000000000,0.0000000002,0.0000000000,0.0000000005,3.0000000000,16.0000000000,0.0153972158,2.6127930235,7.3760578585,0.0155020893,0.0177381008,0.0437905103,7.9085191025,3.8493607017,3.7356453864,1.0000000000,1.0000000000,1.0000000000
1.9800000000,0.0453302294,0.0373566927,0.0026324637,0.0000000014,0.0000000001,0.0000000000,0.0000000000,0.0000000000,0.0000000000,2.0000000000,4.0000000000,0.0137352115,2.6129122493,7.3629901283,0.0154846537,0.0181229576,0.0451450779,8.0220772800,3.9094362519,4.1042185103,1.0000000000,1.0000000000,1.0000000000
1.9900000000,0.0453492083,0.0370326090,0.0053246920,0.0000000002,0.0000000000,0.0000000000,0.0000000000,0.0000000000,0.0000000000,2.0000000000,4.0000000000,0.0110974815,2.6130306942,7.3285565626,0.0154615478,0.0185201809,0.0463444282,8.0699828964,3.9675135303,4.5335896434,1.0000000000,1.0000000000,1.0000000000
2.0000000000,0.0453547470,0.0370103493,0.0076948031,0.0000000001,0.0000000000,0.0000000000,0.0000000000,0.0000000000,0.0000000000,2.0000000000,9.0000000000,0.0078392680,2.6114875290,7.2743043000,0.0154335352,0.0190582370,0.0472493142,8.0472886461,3.9765210910,4.9521447075,1.0000000000,1.0000000000,1.0000000000
