time,penetration_soccp,penetration_4dpgs,spin_soccp,spin_4dpgs,slip_soccp,slip_4dpgs,tilt_soccp,tilt_4dpgs,raw_residual_soccp,raw_residual_4dpgs,scaled_residual_soccp,scaled_residual_4dpgs,complementarity_soccp,complementarity_4dpgs,iterations_soccp,iterations_4dpgs,contacts_soccp,contacts_4dpgs
0.0100000000,0.0000000000,0.0000000000,8.0000000000,8.0000000000,0.0033105891,0.0033105891,0.0000000000,0.0000000000,0.0000000000,0.0000000000,0.0000000000,0.0000000000,0.0000000000,0.0000000000,0.0000000000,0.0000000000,0.0000000000,0.0000000000
0.0200000000,0.0000000000,0.0000000000,8.0000000000,8.0000000000,0.0066211781,0.0066211781,0.0000000000,0.0000000000,0.0000000000,0.0000000000,0.0000000000,0.0000000000,0.0000000000,0.0000000000,0.0000000000,0.0000000000,0.0000000000,0.0000000000
0.0300000000,0.0000000000,0.0000000000,8.0000000000,8.0000000000,0.0099317672,0.0099317672,0.0000000000,0.0000000000,0.0000000000,0.0000000000,0.0000000000,0.0000000000,0.0000000000,0.0000000000,0.0000000000,0.0000000000,0.0000000000,0.0000000000
0.0400000000,0.0000000000,0.0000000000,8.0000000000,8.0000000000,0.0132423563,0.0132423563,0.0000000000,0.0000000000,0.0000000000,0.0000000000,0.0000000000,0.0000000000,0.0000000000,0.0000000000,0.0000000000,0.0000000000,0.0000000000,0.0000000000
0.0500000000,0.0013176923,0.0013176923,7.9271448124,7.9114873831,0.0145617770,0.0165105079,0.1413834688,0.0030111765,0.0000000009,0.0000000001,0.0000000000,0.0000000000,0.0000000009,0.0000000001,37.0000000000,4.0000000000,1.0000000000,1.0000000000
0.0600000000,0.0017904050,0.0014778584,7.9089709898,7.9059778882,0.0157979838,0.0197743467,0.2206172504,0.0044215630,0.0000000000,0.0000000002,0.0000000000,0.0000000000,0.0000000000,0.0000000002,19.0000000000,4.0000000000,1.0000000000,1.0000000000
0.0700000000,0.0026210918,0.0018975246,7.8601658903,7.8612642694,0.0169966771,0.0230212650,0.1672754744,0.0014988796,0.0000000000,0.0000000000,0.0000000000,0.0000000000,0.0000000000,0.0000000000,7.0000000000,3.0000000000,1.0000000000,1.0000000000
0.0800000000,0.0033930030,0.0018979432,7.7661322998,7.8376783877,0.0179066984,0.0262591938,0.2349865180,0.0051887157,0.0000000000,0.0000000004,0.0000000000,0.0000000000,0.0000000000,0.0000000004,33.0000000000,2.0000000000,1.0000000000,1.0000000000
0.0900000000,0.0041451094,0.0018978074,7.6184379403,7.8137566694,0.0178278549,0.0294879852,0.2663008061,0.0030583938,0.0000000000,0.0000000001,0.0000000000,0.0000000000,0.0000000000,0.0000000001,29.0000000000,2.0000000000,1.0000000000,1.0000000000
0.1000000000,0.0044319896,0.0018943040,7.5725070226,7.7917522222,0.0172237009,0.0327079952,0.3626107521,0.0025613719,0.0000000018,0.0000000045,0.0000000000,0.0000000001,0.0000000018,0.0000000045,17.0000000000,2.0000000000,1.0000000000,1.0000000000
0.1100000000,0.0049420402,0.0019122271,7.5008406909,7.7700883052,0.0164979261,0.0359195468,0.2539999579,0.0064806550,0.0000000000,0.0000000084,0.0000000000,0.0000000002,0.0000000000,0.0000000084,14.0000000000,2.0000000000,1.0000000000,1.0000000000
0.1200000000,0.0052939155,0.0019689068,7.3926489909,7.7367464143,0.0165376209,0.0391198178,0.3724331886,0.0033609647,0.0000000000,0.0000000001,0.0000000000,0.0000000000,0.0000000000,0.0000000001,14.0000000000,3.0000000000,1.0000000000,1.0000000000
0.1300000000,0.0055520302,0.0019021984,7.0956388584,7.7164613155,0.0174810532,0.0423125240,0.3283946562,0.0029715915,0.0000000000,0.0000000010,0.0000000000,0.0000000000,0.0000000000,0.0000000010,12.0000000000,2.0000000000,1.0000000000,1.0000000000
0.1400000000,0.0050259999,0.0018911572,7.0084539849,7.6913593915,0.0173181803,0.0454960008,0.5897692892,0.0050936035,0.0000000000,0.0000000062,0.0000000000,0.0000000001,0.0000000000,0.0000000062,32.0000000000,2.0000000000,1.0000000000,1.0000000000
0.1500000000,0.0058572399,0.0018819644,6.7861927350,7.6676978336,0.0155004162,0.0486706895,0.7148479495,0.0021012807,0.0000000003,0.0000000001,0.0000000000,0.0000000000,0.0000000003,0.0000000001,14.0000000000,2.0000000000,1.0000000000,1.0000000000
0.1600000000,0.0062116536,0.0018793799,6.7588494204,7.6390056582,0.0137363916,0.0518350948,0.8734555770,0.0037676101,0.0000000000,0.0000000000,0.0000000000,0.0000000000,0.0000000000,0.0000000000,19.0000000000,3.0000000000,1.0000000000,1.0000000000
0.1700000000,0.0071239122,0.0018374573,6.7584431749,7.6226740083,0.0119843896,0.0549929888,1.1027765013,0.0072725290,0.0000000000,0.0000000000,0.0000000000,0.0000000000,0.0000000000,0.0000000000,8.0000000000,3.0000000000,1.0000000000,1.0000000000
0.1800000000,0.0096685036,0.0019212149,6.7585420375,7.5943201764,0.0102442430,0.0581404695,1.3670898560,0.0033688065,0.0000000000,0.0000000032,0.0000000000,0.0000000001,0.0000000000,0.0000000032,6.0000000000,2.0000000000,1.0000000000,1.0000000000
0.1900000000,0.0124621372,0.0019214745,6.7345186944,7.5692671726,0.0088610191,0.0612787481,1.5795546410,0.0049460573,0.0000000023,0.0000000004,0.0000000001,0.0000000000,0.0000000023,0.0000000004,12.0000000000,2.0000000000,1.0000000000,1.0000000000
0.2000000000,0.0153871482,0.0019217132,6.7350048278,7.5449766954,0.0075328352,0.0644080861,1.8035939973,0.0067407937,0.0000000007,0.0000000000,0.0000000001,0.0000000000,0.0000000007,0.0000000000,11.0000000000,2.0000000000,1.0000000000,1.0000000000
0.2100000000,0.0188181050,0.0019172275,6.7356480575,7.5207932655,0.0062946291,0.0675281994,2.0327493787,0.0026008221,0.0000000045,0.0000000009,0.0000000007,0.0000000000,0.0000000017,0.0000000009,3.0000000000,2.0000000000,1.0000000000,1.0000000000
0.2200000000,0.0224761204,0.0019345044,6.7364396931,7.4881902737,0.0052109409,0.0706373697,2.2626424542,0.0051940100,0.0000000037,0.0000000001,0.0000000006,0.0000000000,0.0000000000,0.0000000001,3.0000000000,3.0000000000,1.0000000000,1.0000000000
0.2300000000,0.0262960201,0.0018584662,6.7373686603,7.4540035474,0.0043975285,0.0737358656,2.4901265897,0.0073653666,0.0000000037,0.0000000001,0.0000000005,0.0000000000,0.0000000000,0.0000000001,3.0000000000,3.0000000000,1.0000000000,1.0000000000
0.2400000000,0.0305418327,0.0017147165,6.7375004425,7.4393363852,0.0040218666,0.0768287224,2.7253632216,0.0056636250,0.2354400000,0.0000000000,0.0349453937,0.0000000000,0.0337392842,0.0000000000,1.0000000000,3.0000000000,1.0000000000,1.0000000000
0.2500000000,0.0345858497,0.0017548181,6.7376263992,7.4127776862,0.0042030186,0.0799118448,2.9652301155,0.0046541595,0.2354400000,0.0000000025,0.0349447101,0.0000000000,0.0522914793,0.0000000025,1.0000000000,2.0000000000,1.0000000000,1.0000000000
0.2600000000,0.0372553983,0.0017491101,6.7377459985,7.3843767778,0.0048793567,0.0829852187,3.2074188826,0.0070755129,0.2775314420,0.0000000058,0.0411912780,0.0000000001,0.1387657210,0.0000000058,1.0000000000,2.0000000000,1.0000000000,1.0000000000
0.2700000000,0.0389552124,0.0017062459,6.7378587419,7.3621977852,0.0058824893,0.0860503868,3.4501839923,0.0043157313,0.2370047017,0.0000000000,0.0351756658,0.0000000000,0.1185023509,0.0000000000,1.0000000000,2.0000000000,1.0000000000,1.0000000000
0.2800000000,0.0417574096,0.0017103701,6.4974331468,7.3381913165,0.0046010806,0.0891066143,3.4401866583,0.0046835271,0.1346847612,0.0000000001,0.0005109245,0.0000000000,35.4951725775,0.0000000001,180.0000000000,2.0000000000,1.0000000000,1.0000000000
0.2900000000,0.0435067971,0.0017105783,6.5717694645,7.3270399659,0.0030792537,0.0921572459,3.2568340606,0.0092530388,0.0000000014,0.0000000010,0.0000000000,0.0000000000,0.0000000013,0.0000000010,37.0000000000,3.0000000000,1.0000000000,1.0000000000
0.3000000000,0.0449590044,0.0018881772,5.1577355098,7.3024173025,0.0039036065,0.0951973672,3.1501208841,0.0050428106,0.0000000030,0.0000000006,0.0000000000,0.0000000000,0.0000000028,0.0000000006,11.0000000000,3.0000000000,1.0000000000,1.0000000000
0.3100000000,0.0444043037,0.0019902595,5.1283849523,7.2732427688,0.0048020927,0.0982266619,3.0388617740,0.0079723704,0.0000000000,0.0000000000,0.0000000000,0.0000000000,0.0000000000,0.0000000000,11.0000000000,2.0000000000,1.0000000000,1.0000000000
0.3200000000,0.0433876633,0.0019649027,5.1279320298,7.2510877627,0.0057739281,0.1012482060,2.9416961974,0.0112057843,0.0000000020,0.0000000000,0.0000000004,0.0000000000,0.0000000020,0.0000000000,9.0000000000,3.0000000000,1.0000000000,1.0000000000
0.3300000000,0.0427127706,0.0020171828,5.0906323059,7.2124978153,0.0065844331,0.1042573743,2.8214639805,0.0026452282,0.0000000008,0.0000000009,0.0000000000,0.0000000000,0.0000000008,0.0000000009,29.0000000000,3.0000000000,1.0000000000,1.0000000000
0.3400000000,0.0425149592,0.0018921681,5.0380671166,7.1951871428,0.0073238786,0.1072599579,2.6798580299,0.0104355166,0.0000000000,0.0000000004,0.0000000000,0.0000000000,0.0000000000,0.0000000004,7.0000000000,2.0000000000,1.0000000000,1.0000000000
0.3500000000,0.0420271925,0.0018878259,4.9148349289,7.1789854922,0.0079985897,0.1102552773,2.5466180892,0.0127286242,0.0000000000,0.0000000000,0.0000000000,0.0000000000,0.0000000000,0.0000000000,7.0000000000,3.0000000000,1.0000000000,1.0000000000
0.3600000000,0.0414839272,0.0019772888,4.9143141970,7.1505957183,0.0086843089,0.1132394137,2.4468844050,0.0043879580,0.0000000001,0.0000000000,0.0000000000,0.0000000000,0.0000000000,0.0000000000,12.0000000000,3.0000000000,1.0000000000,1.0000000000
0.3700000000,0.0414174494,0.0020199206,4.9014172646,7.1300973549,0.0093525090,0.1162149176,2.4120060809,0.0142642467,0.0000000000,0.0000000002,0.0000000000,0.0000000000,0.0000000000,0.0000000002,11.0000000000,3.0000000000,1.0000000000,1.0000000000
0.3800000000,0.0413841458,0.0021003384,4.8719313511,7.1192914095,0.0100029646,0.1191806030,2.4749068824,0.0214397955,0.0000000000,0.0000000025,0.0000000000,0.0000000001,0.0000000000,0.0000000025,6.0000000000,3.0000000000,1.0000000000,1.0000000000
0.3900000000,0.0416305222,0.0023389766,4.6526313500,7.0830844950,0.0106556162,0.1221336246,2.7285623964,0.0032476987,0.0000000000,0.0000000000,0.0000000000,0.0000000000,0.0000000000,0.0000000000,6.0000000000,3.0000000000,1.0000000000,1.0000000000
0.4000000000,0.0415686386,0.0023569522,4.6539056189,7.0607946176,0.0113096841,0.1250775631,3.0055040304,0.0170679883,0.0000000062,0.0000000001,0.0000000013,0.0000000000,0.0000000062,0.0000000001,12.0000000000,3.0000000000,1.0000000000,1.0000000000
0.4100000000,0.0417886295,0.0024148734,4.5501994402,7.0330227462,0.0120180821,0.1280104553,3.2133115874,0.0208969297,0.0000000000,0.0000000000,0.0000000000,0.0000000000,0.0000000000,0.0000000000,16.0000000000,3.0000000000,1.0000000000,1.0000000000
0.4200000000,0.0420257997,0.0024083172,4.4060697652,7.0173140024,0.0127904603,0.1309358466,3.2550162606,0.0119603270,0.0000000036,0.0000000003,0.0000000000,0.0000000000,0.0000000036,0.0000000003,5.0000000000,3.0000000000,1.0000000000,1.0000000000
0.4300000000,0.0418780224,0.0025421442,4.3998739861,6.9863893403,0.0135798393,0.1338491336,3.2966499498,0.0101021304,0.0000000015,0.0000000000,0.0000000001,0.0000000000,0.0000000015,0.0000000000,8.0000000000,3.0000000000,1.0000000000,1.0000000000
0.4400000000,0.0421843333,0.0025433223,3.5137962287,6.9614999668,0.0142739870,0.1367530172,2.7682598937,0.0245137189,0.0000000000,0.0000000045,0.0000000000,0.0000000001,0.0000000000,0.0000000045,13.0000000000,2.0000000000,1.0000000000,1.0000000000
0.4500000000,0.0418192973,0.0025346985,2.6879050286,6.9355285441,0.0148094013,0.1396479602,1.9257287411,0.0211565461,0.0000000000,0.0000000095,0.0000000000,0.0000000002,0.0000000000,0.0000000095,7.0000000000,2.0000000000,1.0000000000,1.0000000000
0.4600000000,0.0410230162,0.0025429869,2.6891728413,6.9133480235,0.0154116621,0.1425347739,1.1393640904,0.0054480763,0.0000000001,0.0000000000,0.0000000001,0.0000000000,0.0000000001,0.0000000000,14.0000000000,3.0000000000,1.0000000000,1.0000000000
0.4700000000,0.0402671744,0.0025855336,2.6909320343,6.9061516970,0.0160732570,0.1454170324,0.6610388302,0.0169757784,0.0000000003,0.0000000062,0.0000000001,0.0000000003,0.0000000000,0.0000000062,4.0000000000,3.0000000000,1.0000000000,1.0000000000
0.4800000000,0.0381030951,0.0028725846,2.6931796982,6.8721497695,0.0167871723,0.1482845864,1.0609198066,0.0177638152,0.0000000089,0.0000000001,0.0000000033,0.0000000000,0.0000000074,0.0000000001,3.0000000000,3.0000000000,1.0000000000,1.0000000000
0.4900000000,0.0367652513,0.0029344364,2.6959115346,6.8531752979,0.0175470230,0.1511432011,1.8332014835,0.0097542017,0.0000000004,0.0000000006,0.0000000001,0.0000000000,0.0000000000,0.0000000006,4.0000000000,3.0000000000,1.0000000000,1.0000000000
0.5000000000,0.0363129869,0.0030629220,2.6991218621,6.8230476551,0.0183471028,0.1539900772,2.6711466919,0.0108018528,0.0000000004,0.0000000038,0.0000000002,0.0000000001,0.0000000000,0.0000000038,4.0000000000,2.0000000000,1.0000000000,1.0000000000
0.5100000000,0.0369191919,0.0030497166,2.6860182744,6.8054808374,0.0183912441,0.1568292981,3.2278137781,0.0222314666,0.0000000005,0.0000000003,0.0000000000,0.0000000000,0.0000000005,0.0000000003,70.0000000000,3.0000000000,1.0000000000,1.0000000000
0.5200000000,0.0371139035,0.0031533557,2.5848574261,6.7762041418,0.0180326634,0.1596576290,3.3098367600,0.0195127640,0.0000000004,0.0000000000,0.0000000000,0.0000000000,0.0000000004,0.0000000000,10.0000000000,3.0000000000,1.0000000000,1.0000000000
0.5300000000,0.0372629116,0.0031415511,2.5639317216,6.7518201231,0.0176197032,0.1624771609,3.2762847890,0.0091001915,0.0000000000,0.0000000000,0.0000000000,0.0000000000,0.0000000000,0.0000000000,6.0000000000,3.0000000000,1.0000000000,1.0000000000
0.5400000000,0.0373661199,0.0031558573,2.5353351993,6.7242240042,0.0171449376,0.1652868708,3.1039099243,0.0140172488,0.0000000000,0.0000000000,0.0000000000,0.0000000000,0.0000000000,0.0000000000,5.0000000000,3.0000000000,1.0000000000,1.0000000000
0.5500000000,0.0374227438,0.0031158558,2.5160979648,6.7191932724,0.0166373802,0.1680933328,2.8263194865,0.0270969556,0.0000000006,0.0000000068,0.0000000000,0.0000000004,0.0000000006,0.0000000068,4.0000000000,3.0000000000,1.0000000000,1.0000000000
0.5600000000,0.0376133320,0.0034232252,2.3994611004,6.6781341487,0.0160115359,0.1708837719,2.2129606849,0.0150042862,0.0000000000,0.0000000000,0.0000000000,0.0000000000,0.0000000000,0.0000000000,6.0000000000,3.0000000000,1.0000000000,1.0000000000
0.5700000000,0.0376224513,0.0034222605,2.3696186059,6.6538703127,0.0153804787,0.1736648510,1.4938461018,0.0092754145,0.0000000002,0.0000000080,0.0000000000,0.0000000002,0.0000000002,0.0000000080,4.0000000000,2.0000000000,1.0000000000,1.0000000000
0.5800000000,0.0380462808,0.0034110041,2.3010174540,6.6070448254,0.0147601362,0.1764370438,0.7519650497,0.0237543421,0.0000000000,0.0000000067,0.0000000000,0.0000000001,0.0000000000,0.0000000067,5.0000000000,3.0000000000,1.0000000000,1.0000000000
0.5900000000,0.0380530305,0.0032137077,2.2746635183,6.5926183974,0.0141980870,0.1792038509,0.6555301041,0.0320312040,0.0000000000,0.0000000043,0.0000000000,0.0000000002,0.0000000000,0.0000000043,6.0000000000,2.0000000000,1.0000000000,1.0000000000
0.6000000000,0.0381433213,0.0031983224,2.2602685853,6.5423014742,0.0137068074,0.1819565135,1.3651420812,0.0137810124,0.0000000000,0.0000000000,0.0000000000,0.0000000000,0.0000000000,0.0000000000,5.0000000000,4.0000000000,1.0000000000,1.0000000000
0.6100000000,0.0384765527,0.0029865164,2.2110102099,6.5268330443,0.0133176078,0.1847037678,2.1449505205,0.0160645616,0.0000000001,0.0000000000,0.0000000000,0.0000000000,0.0000000001,0.0000000000,5.0000000000,3.0000000000,1.0000000000,1.0000000000
0.6200000000,0.0382565925,0.0029547392,2.1393074544,6.4934011087,0.0130772184,0.1874407668,2.8141995337,0.0296883969,0.0000000001,0.0000000010,0.0000000000,0.0000000000,0.0000000001,0.0000000010,5.0000000000,3.0000000000,1.0000000000,1.0000000000
0.6300000000,0.0380617107,0.0028618727,2.1076419422,6.4709071329,0.0129824388,0.1901694856,3.3435414530,0.0283065948,0.0000000001,0.0000000000,0.0000000000,0.0000000000,0.0000000001,0.0000000000,6.0000000000,3.0000000000,1.0000000000,1.0000000000
0.6400000000,0.0381504323,0.0028577139,2.1111496587,6.4587514165,0.0129475302,0.1928931932,3.8271020635,0.0178212972,0.0000000000,0.0000000009,0.0000000000,0.0000000000,0.0000000000,0.0000000009,6.0000000000,3.0000000000,1.0000000000,1.0000000000
0.6500000000,0.0387036285,0.0030342682,2.0745583174,6.4244728919,0.0131312673,0.1956039416,3.9874054597,0.0092267020,0.0000000017,0.0000000026,0.0000000000,0.0000000000,0.0000000017,0.0000000026,6.0000000000,2.0000000000,1.0000000000,1.0000000000
0.6600000000,0.0392462452,0.0030121776,1.8889299716,6.3911264343,0.0135634981,0.1983033843,3.7327271818,0.0284965019,0.0000000021,0.0000000002,0.0000000000,0.0000000000,0.0000000021,0.0000000002,5.0000000000,3.0000000000,1.0000000000,1.0000000000
0.6700000000,0.0391325147,0.0029462602,1.8882478851,6.3744876589,0.0140060479,0.2009958549,3.4956299877,0.0346423734,0.0000000003,0.0000000001,0.0000000001,0.0000000000,0.0000000003,0.0000000001,13.0000000000,3.0000000000,1.0000000000,1.0000000000
0.6800000000,0.0391872009,0.0030053979,1.8174518883,6.3480711899,0.0145086632,0.2036780002,3.0727334480,0.0177651069,0.0000000000,0.0000000000,0.0000000000,0.0000000000,0.0000000000,0.0000000000,18.0000000000,3.0000000000,1.0000000000,1.0000000000
0.6900000000,0.0391056459,0.0030083963,1.7236900865,6.3265504507,0.0150676692,0.2063514853,2.4560762401,0.0144186909,0.0000000000,0.0000000000,0.0000000000,0.0000000000,0.0000000000,0.0000000000,6.0000000000,3.0000000000,1.0000000000,1.0000000000
0.7000000000,0.0390440915,0.0031034289,1.5542298981,6.3015881796,0.0156904015,0.2090153329,1.6885251213,0.0325010496,0.0000000001,0.0000000000,0.0000000000,0.0000000000,0.0000000001,0.0000000000,6.0000000000,3.0000000000,1.0000000000,1.0000000000
0.7100000000,0.0390701893,0.0031402431,1.5647033713,6.2730274399,0.0162830854,0.2116672711,1.1719936241,0.0358004222,0.0000000002,0.0000000016,0.0000000000,0.0000000000,0.0000000002,0.0000000016,5.0000000000,2.0000000000,1.0000000000,1.0000000000
0.7200000000,0.0397355584,0.0031391481,1.5747610140,6.2519131073,0.0168445249,0.2143091330,1.3120935713,0.0235370018,0.0000000000,0.0000000001,0.0000000000,0.0000000000,0.0000000000,0.0000000001,5.0000000000,3.0000000000,1.0000000000,1.0000000000
0.7300000000,0.0392675186,0.0031910326,1.5835699654,6.2192279999,0.0173733635,0.2169392516,1.9693666336,0.0072036516,0.0000000000,0.0000000000,0.0000000000,0.0000000000,0.0000000000,0.0000000000,5.0000000000,3.0000000000,1.0000000000,1.0000000000
0.7400000000,0.0392565077,0.0031675359,1.4802793445,6.1970329263,0.0177964390,0.2195608649,2.7358543433,0.0324724467,0.0000000000,0.0000000009,0.0000000000,0.0000000000,0.0000000000,0.0000000009,6.0000000000,2.0000000000,1.0000000000,1.0000000000
0.7500000000,0.0392532854,0.0031589966,1.4074695016,6.1457851571,0.0181671069,0.2221671091,3.5143909264,0.0274242046,0.0000000000,0.0000000000,0.0000000000,0.0000000000,0.0000000000,0.0000000000,5.0000000000,4.0000000000,1.0000000000,1.0000000000
0.7600000000,0.0393249491,0.0029265175,1.3084173012,6.1342801121,0.0184083660,0.2247688120,4.1840832148,0.0150985341,0.0000000000,0.0000000000,0.0000000000,0.0000000000,0.0000000000,0.0000000000,6.0000000000,3.0000000000,1.0000000000,1.0000000000
0.7700000000,0.0398005401,0.0029559270,1.0385996655,6.0990859411,0.0183299373,0.2273638168,4.3411020906,0.0086368127,0.0000000000,0.0000000005,0.0000000000,0.0000000000,0.0000000000,0.0000000005,7.0000000000,3.0000000000,1.0000000000,1.0000000000
0.7800000000,0.0400194852,0.0028751562,0.9165839067,6.0761576822,0.0181823279,0.2299506440,4.3186703499,0.0227542132,0.0000000002,0.0000000000,0.0000000000,0.0000000000,0.0000000002,0.0000000000,5.0000000000,3.0000000000,1.0000000000,1.0000000000
0.7900000000,0.0401469469,0.0028166777,0.8711900483,6.0633746811,0.0180501553,0.2325324856,4.2537363847,0.0294799625,0.0000000000,0.0000000007,0.0000000000,0.0000000000,0.0000000000,0.0000000007,7.0000000000,3.0000000000,1.0000000000,1.0000000000
0.8000000000,0.0402862184,0.0029808472,0.8181757544,6.0340496110,0.0179143518,0.2351030684,4.1365901895,0.0137540911,0.0000000047,0.0000000002,0.0000000001,0.0000000000,0.0000000047,0.0000000002,4.0000000000,3.0000000000,1.0000000000,1.0000000000
0.8100000000,0.0404817322,0.0030257665,0.6417186651,6.0077743934,0.0176772580,0.2376635376,3.9190166819,0.0120785184,0.0000000005,0.0000000000,0.0000000000,0.0000000000,0.0000000005,0.0000000000,6.0000000000,3.0000000000,1.0000000000,1.0000000000
0.8200000000,0.0404987318,0.0030421386,0.5789430520,5.9993880945,0.0174305842,0.2402184363,3.6888838929,0.0326478816,0.0000000001,0.0000000049,0.0000000000,0.0000000002,0.0000000001,0.0000000049,5.0000000000,3.0000000000,1.0000000000,1.0000000000
0.8300000000,0.0405224811,0.0032946862,0.5020544547,5.9252158595,0.0171172079,0.2427620278,3.4360439916,0.0172349938,0.0000000000,0.0000000003,0.0000000000,0.0000000000,0.0000000000,0.0000000003,6.0000000000,4.0000000000,1.0000000000,1.0000000000
0.8400000000,0.0404172989,0.0030336841,0.5193091455,5.9025477104,0.0167955836,0.2452980523,3.1924528478,0.0110484016,0.0000000000,0.0000000051,0.0000000000,0.0000000001,0.0000000000,0.0000000051,5.0000000000,3.0000000000,1.0000000000,1.0000000000
0.8500000000,0.0402520672,0.0029001924,0.5443086926,5.8850159545,0.0164518775,0.2478271636,2.9121599270,0.0297581297,0.0000000000,0.0000000024,0.0000000000,0.0000000001,0.0000000000,0.0000000024,5.0000000000,2.0000000000,1.0000000000,1.0000000000
0.8600000000,0.0399376212,0.0029286213,0.6013249146,5.8677713573,0.0161063816,0.2503426818,2.6893555950,0.0369652960,0.0000000000,0.0000000005,0.0000000000,0.0000000000,0.0000000000,0.0000000005,6.0000000000,3.0000000000,1.0000000000,1.0000000000
0.8700000000,0.0397288520,0.0030434366,0.7090405758,5.8423781509,0.0156908559,0.2528487827,2.5686726343,0.0198107086,0.0000000001,0.0000000000,0.0000000000,0.0000000000,0.0000000001,0.0000000000,7.0000000000,3.0000000000,1.0000000000,1.0000000000
0.8800000000,0.0399372790,0.0030422466,0.8297001558,5.8040810875,0.0152179383,0.2553334187,2.5484251287,0.0109110533,0.0000000000,0.0000000001,0.0000000000,0.0000000000,0.0000000000,0.0000000001,8.0000000000,3.0000000000,1.0000000000,1.0000000000
0.8900000000,0.0402247200,0.0029129357,0.8887580561,5.7832722210,0.0147170316,0.2578097163,2.6674254385,0.0317719539,0.0000000000,0.0000000000,0.0000000000,0.0000000000,0.0000000000,0.0000000000,6.0000000000,3.0000000000,1.0000000000,1.0000000000
0.9000000000,0.0405540434,0.0029042513,0.9332922145,5.7693931406,0.0142320144,0.2602786509,2.8701883280,0.0382697628,0.0000000003,0.0000000001,0.0000000000,0.0000000000,0.0000000003,0.0000000001,6.0000000000,3.0000000000,1.0000000000,1.0000000000
0.9100000000,0.0407297237,0.0030501893,0.9463288338,5.7352105095,0.0137872709,0.2627333503,3.1323375951,0.0109695616,0.0000000000,0.0000000001,0.0000000000,0.0000000000,0.0000000000,0.0000000001,6.0000000000,3.0000000000,1.0000000000,1.0000000000
0.9200000000,0.0407375935,0.0030421392,0.9268877127,5.7208723502,0.0134182077,0.2651859703,3.4398539763,0.0223725454,0.0000000000,0.0000000022,0.0000000000,0.0000000001,0.0000000000,0.0000000022,6.0000000000,3.0000000000,1.0000000000,1.0000000000
0.9300000000,0.0405890450,0.0031799419,0.8799172630,5.6696293947,0.0131195635,0.2676223041,3.8000872661,0.0319094837,0.0000000013,0.0000000056,0.0000000000,0.0000000001,0.0000000013,0.0000000056,5.0000000000,3.0000000000,1.0000000000,1.0000000000
0.9400000000,0.0407203639,0.0030424241,0.7828525556,5.6600785569,0.0129703529,0.2700545447,4.1201754200,0.0330714624,0.0000000001,0.0000000034,0.0000000000,0.0000000001,0.0000000000,0.0000000034,6.0000000000,3.0000000000,1.0000000000,1.0000000000
0.9500000000,0.0415313994,0.0031662069,0.6424966998,5.6497376819,0.0129534021,0.2724753118,4.3159513616,0.0259619076,0.0000000000,0.0000000093,0.0000000000,0.0000000003,0.0000000001,0.0000000093,6.0000000000,3.0000000000,1.0000000000,1.0000000000
0.9600000000,0.0420867181,0.0034442536,0.5780090262,5.6144693771,0.0129117182,0.2748826139,4.5517754731,0.0031802139,0.0000000003,0.0000000003,0.0000000000,0.0000000000,0.0000000003,0.0000000003,6.0000000000,3.0000000000,1.0000000000,1.0000000000
0.9700000000,0.0426518309,0.0034755952,0.4687355187,5.5882057194,0.0128730280,0.2772792540,4.8635017488,0.0288470915,0.0000000001,0.0000000008,0.0000000000,0.0000000000,0.0000000001,0.0000000008,6.0000000000,2.0000000000,1.0000000000,1.0000000000
0.9800000000,0.0430999286,0.0034917142,0.4042330611,5.5630862120,0.0127844528,0.2796653524,5.2597102615,0.0377899174,0.0000000029,0.0000000047,0.0000000000,0.0000000001,0.0000000029,0.0000000047,6.0000000000,2.0000000000,1.0000000000,1.0000000000
0.9900000000,0.0434327981,0.0034926280,0.3570881797,5.5385753935,0.0126528998,0.2820411146,5.7359886260,0.0245851792,0.0000000000,0.0000000051,0.0000000000,0.0000000001,0.0000000000,0.0000000051,7.0000000000,2.0000000000,1.0000000000,1.0000000000
1.0000000000,0.0436493136,0.0034902039,0.2992055957,5.5137643720,0.0125851305,0.2844067322,6.2639938905,0.0032800367,0.0000000001,0.0000000002,0.0000000000,0.0000000000,0.0000000000,0.0000000002,10.0000000000,2.0000000000,1.0000000000,1.0000000000
1.0100000000,0.0437353036,0.0034910853,0.2436434084,5.4899560852,0.0125161711,0.2867630798,6.8197095394,0.0300258138,0.0000000051,0.0000000000,0.0000000001,0.0000000000,0.0000000051,0.0000000000,6.0000000000,2.0000000000,1.0000000000,1.0000000000
1.0200000000,0.0438621016,0.0034818834,0.1475017455,5.4393104984,0.0125215139,0.2891063943,7.3344591803,0.0322688171,0.0000000007,0.0000000000,0.0000000000,0.0000000000,0.0000000007,0.0000000000,12.0000000000,4.0000000000,1.0000000000,1.0000000000
1.0300000000,0.0438874648,0.0032644366,0.0928747564,5.4314853950,0.0125856687,0.2914465117,7.7711512770,0.0280370476,0.0000000000,0.0000000013,0.0000000000,0.0000000001,0.0000000000,0.0000000013,8.0000000000,3.0000000000,1.0000000000,1.0000000000
1.0400000000,0.0439122433,0.0033558683,0.0749100804,5.3985789637,0.0126580953,0.2937746391,8.1394219442,0.0043251550,0.0000000000,0.0000000052,0.0000000000,0.0000000001,0.0000000000,0.0000000052,3.0000000000,2.0000000000,1.0000000000,1.0000000000
1.0500000000,0.0439761705,0.0033242157,0.0536670002,5.3846803833,0.0127639104,0.2960959246,8.4038578501,0.0216990916,0.0000000009,0.0000000012,0.0000000000,0.0000000000,0.0000000011,0.0000000012,11.0000000000,3.0000000000,1.0000000000,1.0000000000
1.0600000000,0.0440200133,0.0034529824,0.0408876185,5.3512155655,0.0128778189,0.2984036258,8.5707745878,0.0305340485,0.0000000006,0.0000000001,0.0000000000,0.0000000000,0.0000000002,0.0000000001,6.0000000000,3.0000000000,1.0000000000,1.0000000000
1.0700000000,0.0440380944,0.0034204079,0.0300755284,5.3257094497,0.0129864694,0.3007004609,8.6434797265,0.0213607701,0.0000000006,0.0000000000,0.0000000000,0.0000000000,0.0000000003,0.0000000000,6.0000000000,3.0000000000,1.0000000000,1.0000000000
1.0800000000,0.0440379859,0.0034188994,0.0185657874,5.3008982961,0.0130825130,0.3029869857,8.6232466477,0.0004150060,0.0000000002,0.0000000016,0.0000000000,0.0000000000,0.0000000000,0.0000000016,6.0000000000,2.0000000000,1.0000000000,1.0000000000
1.0900000000,0.0440206355,0.0034040970,0.0012838996,5.2793940000,0.0131678515,0.3052645729,8.5134632957,0.0225767566,0.0000000001,0.0000000000,0.0000000000,0.0000000000,0.0000000001,0.0000000000,6.0000000000,3.0000000000,1.0000000000,1.0000000000
1.1000000000,0.0439872657,0.0034389647,0.0149198192,5.2479547522,0.0132447453,0.3075317160,8.3095267297,0.0310453308,0.0000000001,0.0000000000,0.0000000000,0.0000000000,0.0000000001,0.0000000000,6.0000000000,3.0000000000,1.0000000000,1.0000000000
1.1100000000,0.0439333547,0.0034091155,0.0305492653,5.2104952838,0.0133150293,0.3097880289,8.0134244440,0.0196920909,0.0000000000,0.0000000002,0.0000000000,0.0000000000,0.0000000002,0.0000000002,6.0000000000,3.0000000000,1.0000000000,1.0000000000
1.1200000000,0.0438739092,0.0032760982,0.0485038595,5.1861204902,0.0133892612,0.3120362939,7.6323466291,0.0046082089,0.0000000001,0.0000000001,0.0000000000,0.0000000000,0.0000000001,0.0000000001,6.0000000000,3.0000000000,1.0000000000,1.0000000000
1.1300000000,0.0438025548,0.0032477139,0.0585076691,5.1703430899,0.0134712083,0.3142773451,7.1770508355,0.0218439477,0.0000000014,0.0000000002,0.0000000000,0.0000000000,0.0000000014,0.0000000002,6.0000000000,3.0000000000,1.0000000000,1.0000000000
1.1400000000,0.0436888069,0.0033094058,0.0629650829,5.1307183492,0.0135760271,0.3165041832,6.6577588484,0.0236861593,0.0000000008,0.0000000015,0.0000000000,0.0000000000,0.0000000009,0.0000000015,7.0000000000,3.0000000000,1.0000000000,1.0000000000
1.1500000000,0.0436213135,0.0032214299,0.0682127793,5.1103373224,0.0137346189,0.3187251565,6.1186550725,0.0167989279,0.0000000002,0.0000000072,0.0000000000,0.0000000002,0.0000000001,0.0000000072,6.0000000000,2.0000000000,1.0000000000,1.0000000000
1.1600000000,0.0435131192,0.0032101872,0.0776407603,5.0940634358,0.0139054133,0.3209381048,5.5963013586,0.0020251867,0.0000000002,0.0000000000,0.0000000000,0.0000000000,0.0000000001,0.0000000000,6.0000000000,3.0000000000,1.0000000000,1.0000000000
1.1700000000,0.0433688764,0.0033072019,0.0839272087,5.0738162662,0.0140763739,0.3231417488,5.1061177762,0.0145202534,0.0000000020,0.0000000001,0.0000000000,0.0000000000,0.0000000020,0.0000000001,6.0000000000,3.0000000000,1.0000000000,1.0000000000
1.1800000000,0.0431682121,0.0033892988,0.0958922754,5.0598073969,0.0142313125,0.3253376007,4.6562496861,0.0250985926,0.0000000000,0.0000000022,0.0000000000,0.0000000001,0.0000000000,0.0000000022,7.0000000000,3.0000000000,1.0000000000,1.0000000000
1.1900000000,0.0429079971,0.0035841090,0.1056723063,5.0246956711,0.0143634012,0.3275200960,4.2588248949,0.0170331868,0.0000000001,0.0000000000,0.0000000000,0.0000000000,0.0000000001,0.0000000000,6.0000000000,3.0000000000,1.0000000000,1.0000000000
1.2000000000,0.0425440415,0.0035861984,0.1329328445,4.9849500011,0.0144488309,0.3296904829,3.8663530709,0.0054002236,0.0000000022,0.0000000007,0.0000000000,0.0000000000,0.0000000023,0.0000000007,6.0000000000,3.0000000000,1.0000000000,1.0000000000
1.2100000000,0.0421650265,0.0034356962,0.1658698601,4.9816939623,0.0144905570,0.3318585482,3.4504652398,0.0230033967,0.0000000000,0.0000000080,0.0000000000,0.0000000007,0.0000000000,0.0000000080,6.0000000000,3.0000000000,1.0000000000,1.0000000000
1.2200000000,0.0417245964,0.0036929324,0.1804248182,4.9448218920,0.0144734324,0.3340121704,2.9960375879,0.0232940578,0.0000000055,0.0000000050,0.0000000001,0.0000000001,0.0000000055,0.0000000050,6.0000000000,2.0000000000,1.0000000000,1.0000000000
1.2300000000,0.0412753367,0.0036929735,0.2052754220,4.9196706085,0.0144457579,0.3361559468,2.4546742133,0.0107405309,0.0000000055,0.0000000017,0.0000000000,0.0000000000,0.0000000055,0.0000000017,7.0000000000,2.0000000000,1.0000000000,1.0000000000
1.2400000000,0.0409885630,0.0036639216,0.2527906619,4.8917226524,0.0145109753,0.3382894127,1.8986300509,0.0079658497,0.0000000001,0.0000000000,0.0000000000,0.0000000000,0.0000000001,0.0000000000,9.0000000000,3.0000000000,1.0000000000,1.0000000000
1.2500000000,0.0407629887,0.0036081411,0.2730141718,4.8730808798,0.0146061099,0.3404149138,1.4239631843,0.0236335419,0.0000000008,0.0000000001,0.0000000000,0.0000000000,0.0000000009,0.0000000001,6.0000000000,3.0000000000,1.0000000000,1.0000000000
1.2600000000,0.0407310624,0.0036983058,0.2882846689,4.8489094713,0.0146939093,0.3425304441,1.0542708504,0.0266610397,0.0000000001,0.0000000000,0.0000000000,0.0000000000,0.0000000001,0.0000000000,6.0000000000,3.0000000000,1.0000000000,1.0000000000
1.2700000000,0.0407878979,0.0037215529,0.3026655935,4.8231775286,0.0147721475,0.3446357326,0.8611299510,0.0163993073,0.0000000000,0.0000000008,0.0000000000,0.0000000000,0.0000000000,0.0000000008,6.0000000000,2.0000000000,1.0000000000,1.0000000000
1.2800000000,0.0408265764,0.0037312151,0.3086325523,4.7961800241,0.0148605497,0.3467311849,0.8760648418,0.0078105412,0.0000000000,0.0000000003,0.0000000000,0.0000000000,0.0000000000,0.0000000003,6.0000000000,2.0000000000,1.0000000000,1.0000000000
1.2900000000,0.0408235418,0.0037102311,0.3099975644,4.7831853450,0.0149807408,0.3488200808,1.0887366082,0.0229921989,0.0000000018,0.0000000015,0.0000000000,0.0000000000,0.0000000018,0.0000000015,5.0000000000,3.0000000000,1.0000000000,1.0000000000
1.3000000000,0.0407650306,0.0038400310,0.3073422262,4.7335811771,0.0151620892,0.3508940796,1.4472056280,0.0228763387,0.0000000000,0.0000000000,0.0000000000,0.0000000000,0.0000000000,0.0000000000,6.0000000000,4.0000000000,1.0000000000,1.0000000000
1.3100000000,0.0407135757,0.0037132995,0.2970903328,4.7162581762,0.0154251792,0.3529613141,1.9342591697,0.0154247267,0.0000000057,0.0000000010,0.0000000001,0.0000000000,0.0000000057,0.0000000010,5.0000000000,2.0000000000,1.0000000000,1.0000000000
1.3200000000,0.0407100482,0.0037132283,0.2715678266,4.6918792239,0.0157277795,0.3550189268,2.5244765497,0.0060072614,0.0000000021,0.0000000000,0.0000000000,0.0000000000,0.0000000022,0.0000000000,6.0000000000,2.0000000000,1.0000000000,1.0000000000
1.3300000000,0.0409205218,0.0037057618,0.2262661932,4.6385676075,0.0160501457,0.3570622830,3.1859665086,0.0162703323,0.0000000000,0.0000000001,0.0000000000,0.0000000000,0.0000000000,0.0000000001,5.0000000000,4.0000000000,1.0000000000,1.0000000000
1.3400000000,0.0414105455,0.0034597263,0.1562297266,4.6323352187,0.0162853200,0.3591024914,3.8352426936,0.0285785430,0.0000000000,0.0000000007,0.0000000000,0.0000000000,0.0000000000,0.0000000007,8.0000000000,3.0000000000,1.0000000000,1.0000000000
1.3500000000,0.0420491955,0.0035737187,0.0470461009,4.6026122305,0.0163520244,0.3611307812,4.3125539745,0.0226862428,0.0000000006,0.0000000048,0.0000000000,0.0000000001,0.0000000008,0.0000000048,6.0000000000,2.0000000000,1.0000000000,1.0000000000
1.3600000000,0.0424256780,0.0035595259,0.0017230358,4.5780926436,0.0164558545,0.3631488979,4.7321277848,0.0089049345,0.0000000000,0.0000000054,0.0000000000,0.0000000001,0.0000000000,0.0000000054,8.0000000000,2.0000000000,1.0000000000,1.0000000000
1.3700000000,0.0427307683,0.0035699262,0.0009867839,4.5510566151,0.0166207682,0.3651569358,5.1433329367,0.0191984116,0.0000000000,0.0000000064,0.0000000000,0.0000000001,0.0000000000,0.0000000064,3.0000000000,2.0000000000,1.0000000000,1.0000000000
1.3800000000,0.0430430372,0.0035300131,0.0005882993,4.5367173932,0.0168044961,0.3671583814,5.5569775979,0.0320569351,0.0000000060,0.0000000008,0.0000000000,0.0000000000,0.0000005356,0.0000000008,2.0000000000,3.0000000000,1.0000000000,1.0000000000
1.3900000000,0.0433054146,0.0036440583,0.0014143705,4.5045596866,0.0170400566,0.3691479194,5.9969856453,0.0245955687,0.0000000000,0.0000000059,0.0000000000,0.0000000001,0.0000000000,0.0000000059,3.0000000000,2.0000000000,1.0000000000,1.0000000000
1.4000000000,0.0435821132,0.0036423156,0.0018807592,4.4762816532,0.0173237523,0.3711353210,6.4778721496,0.0057063807,0.0000000000,0.0000000000,0.0000000000,0.0000000000,0.0000000000,0.0000000000,3.0000000000,3.0000000000,1.0000000000,1.0000000000
1.4100000000,0.0438697430,0.0036053953,0.0050025481,4.4660477811,0.0176585114,0.3731164805,7.0030941852,0.0184539348,0.0000000000,0.0000000039,0.0000000000,0.0000000001,0.0000000000,0.0000000039,3.0000000000,3.0000000000,1.0000000000,1.0000000000
1.4200000000,0.0441187747,0.0037809134,0.0063763233,4.4337410183,0.0180094169,0.3750842009,7.5639173673,0.0269661852,0.0000000000,0.0000000000,0.0000000000,0.0000000000,0.0000000000,0.0000000000,3.0000000000,3.0000000000,1.0000000000,1.0000000000
1.4300000000,0.0442919639,0.0037751864,0.0076084649,4.3974587638,0.0183942935,0.3770390845,8.1524726475,0.0197780198,0.0000000000,0.0000000005,0.0000000000,0.0000000000,0.0000000000,0.0000000005,3.0000000000,3.0000000000,1.0000000000,1.0000000000
1.4400000000,0.0444623683,0.0036766984,0.0054844288,4.3863904996,0.0187612565,0.3789881873,8.7486663655,0.0120092038,0.0000000000,0.0000000016,0.0000000000,0.0000000001,0.0000000000,0.0000000016,3.0000000000,3.0000000000,1.0000000000,1.0000000000
1.4500000000,0.0445507394,0.0037703710,0.0078010642,4.3328548699,0.0190707792,0.3809218958,9.3125953776,0.0163710451,0.0000000000,0.0000000001,0.0000000000,0.0000000000,0.0000000000,0.0000000001,3.0000000000,4.0000000000,1.0000000000,1.0000000000
1.4600000000,0.0445962901,0.0036087592,0.0061483233,4.3198810726,0.0193444903,0.3828500457,9.8300384927,0.0290559025,0.0000000000,0.0000000004,0.0000000000,0.0000000000,0.0000000000,0.0000000004,3.0000000000,3.0000000000,1.0000000000,1.0000000000
1.4700000000,0.0446764302,0.0036429399,0.0099824486,4.2874882600,0.0195257053,0.3847665890,10.2535181181,0.0262515878,0.0000000000,0.0000000000,0.0000000000,0.0000000000,0.0000000000,0.0000000000,3.0000000000,3.0000000000,1.0000000000,1.0000000000
1.4800000000,0.0447352449,0.0036140548,0.0170253824,4.2689422685,0.0196385992,0.3866749938,10.5649927724,0.0154835436,0.0000000000,0.0000000003,0.0000000000,0.0000000000,0.0000000000,0.0000000003,3.0000000000,3.0000000000,1.0000000000,1.0000000000
1.4900000000,0.0447716762,0.0036708421,0.0151775982,4.2094713025,0.0197026933,0.3885701813,10.7655724386,0.0130162196,0.0000000000,0.0000000002,0.0000000000,0.0000000000,0.0000000000,0.0000000002,3.0000000000,4.0000000000,1.0000000000,1.0000000000
1.5000000000,0.0447908813,0.0033929023,0.0160244522,4.1950968034,0.0197230605,0.3904596381,10.8459723440,0.0299147184,0.0000000027,0.0000000004,0.0000000000,0.0000000000,0.0000002565,0.0000000004,2.0000000000,3.0000000000,1.0000000000,1.0000000000
1.5100000000,0.0447907866,0.0033534558,0.0154081684,4.1794099189,0.0197067322,0.3923441860,10.8098790986,0.0360637533,0.0000000001,0.0000000002,0.0000000000,0.0000000000,0.0000000071,0.0000000002,2.0000000000,3.0000000000,1.0000000000,1.0000000000
1.5200000000,0.0447706822,0.0034439867,0.0157233590,4.1627756497,0.0196533632,0.3942168125,10.6626212192,0.0260934811,0.0000000000,0.0000000019,0.0000000000,0.0000000000,0.0000000000,0.0000000019,2.0000000000,3.0000000000,1.0000000000,1.0000000000
1.5300000000,0.0447340431,0.0036003173,0.0159801247,4.1295534496,0.0195618948,0.3960753900,10.4059835805,0.0126379406,0.0000000003,0.0000000000,0.0000000000,0.0000000000,0.0000000227,0.0000000000,2.0000000000,3.0000000000,1.0000000000,1.0000000000
1.5400000000,0.0447045414,0.0035907878,0.0168363005,4.1034713191,0.0194256788,0.3979237772,10.0465624850,0.0348320901,0.0000000057,0.0000000076,0.0000000001,0.0000000001,0.0000005058,0.0000000076,2.0000000000,2.0000000000,1.0000000000,1.0000000000
1.5500000000,0.0446890177,0.0035696106,0.0111919388,4.0818311114,0.0192419562,0.3997638047,9.5927614472,0.0457418799,0.0000000000,0.0000000000,0.0000000000,0.0000000000,0.0000000000,0.0000000000,3.0000000000,3.0000000000,1.0000000000,1.0000000000
1.5600000000,0.0446841539,0.0036025675,0.0036557777,4.0318712361,0.0189920767,0.4015903574,9.0696332657,0.0251305465,0.0000000000,0.0000000096,0.0000000000,0.0000000001,0.0000000000,0.0000000096,3.0000000000,3.0000000000,1.0000000000,1.0000000000
1.5700000000,0.0446627785,0.0034672656,0.0017404902,4.0147904190,0.0186973788,0.4034098003,8.5028731242,0.0185567947,0.0000000000,0.0000000000,0.0000000000,0.0000000000,0.0000000000,0.0000000000,3.0000000000,3.0000000000,1.0000000000,1.0000000000
1.5800000000,0.0446052845,0.0034692582,0.0008444484,3.9894915483,0.0183460944,0.4052182128,7.9429166152,0.0372024029,0.0000000000,0.0000000058,0.0000000000,0.0000000001,0.0000000000,0.0000000058,3.0000000000,2.0000000000,1.0000000000,1.0000000000
1.5900000000,0.0444849288,0.0034520678,0.0006719315,3.9714337417,0.0180089294,0.4070160861,7.3913501359,0.0436291340,0.0000000000,0.0000000001,0.0000000000,0.0000000000,0.0000000000,0.0000000001,3.0000000000,3.0000000000,1.0000000000,1.0000000000
1.6000000000,0.0443207749,0.0035343671,0.0029853512,3.9407963745,0.0176876480,0.4087990975,6.8523127704,0.0259357767,0.0000000000,0.0000000000,0.0000000000,0.0000000000,0.0000000000,0.0000000000,3.0000000000,3.0000000000,1.0000000000,1.0000000000
1.6100000000,0.0440918997,0.0035107571,0.0013409152,3.9147672714,0.0173959652,0.4105701917,6.3207876340,0.0228019734,0.0000000000,0.0000000000,0.0000000000,0.0000000000,0.0000000000,0.0000000000,3.0000000000,3.0000000000,1.0000000000,1.0000000000
1.6200000000,0.0438368490,0.0035295056,0.0011574782,3.8928542485,0.0171255918,0.4123321865,5.7985761317,0.0437926874,0.0000000000,0.0000000000,0.0000000000,0.0000000000,0.0000000000,0.0000000000,3.0000000000,3.0000000000,1.0000000000,1.0000000000
1.6300000000,0.0435306327,0.0035545106,0.0005769547,3.8404103488,0.0168950712,0.4140823837,5.2643353067,0.0416386397,0.0000000000,0.0000000000,0.0000000000,0.0000000000,0.0000000000,0.0000000000,3.0000000000,4.0000000000,1.0000000000,1.0000000000
1.6400000000,0.0431844393,0.0033842395,0.0047483805,3.8214178192,0.0166802327,0.4158210233,4.7123665382,0.0290423552,0.0000000000,0.0000000001,0.0000000000,0.0000000000,0.0000000000,0.0000000001,3.0000000000,2.0000000000,1.0000000000,1.0000000000
1.6500000000,0.0427482330,0.0033770392,0.0062944749,3.7973168178,0.0165445542,0.4175497567,4.1116361464,0.0160569004,0.0000000000,0.0000000000,0.0000000000,0.0000000000,0.0000000000,0.0000000000,3.0000000000,3.0000000000,1.0000000000,1.0000000000
1.6600000000,0.0422239460,0.0033625290,0.0074425338,3.7704614906,0.0164826239,0.4192678628,3.4350325362,0.0325181792,0.0000000000,0.0000000000,0.0000000000,0.0000000000,0.0000000000,0.0000000000,3.0000000000,3.0000000000,1.0000000000,1.0000000000
1.6700000000,0.0418794554,0.0033555883,0.0201220261,3.7461983094,0.0162479041,0.4209752411,2.7442627349,0.0394932973,0.0000000000,0.0000000037,0.0000000000,0.0000000001,0.0000000000,0.0000000037,3.0000000000,2.0000000000,1.0000000000,1.0000000000
1.6800000000,0.0415431848,0.0033559205,0.0196971902,3.7206071738,0.0159465653,0.4226712774,2.1428624157,0.0262078352,0.0000000000,0.0000000066,0.0000000000,0.0000000001,0.0000000000,0.0000000066,3.0000000000,2.0000000000,1.0000000000,1.0000000000
1.6900000000,0.0413228257,0.0033547387,0.0199721965,3.6954253289,0.0156746766,0.4243564321,1.6312102007,0.0177757280,0.0000000000,0.0000000024,0.0000000000,0.0000000000,0.0000000000,0.0000000024,3.0000000000,2.0000000000,1.0000000000,1.0000000000
1.7000000000,0.0412698027,0.0033556466,0.0218068024,3.6707954853,0.0154439582,0.4260313753,1.2416632857,0.0367130742,0.0000000000,0.0000000000,0.0000000000,0.0000000000,0.0000000000,0.0000000000,3.0000000000,2.0000000000,1.0000000000,1.0000000000
1.7100000000,0.0412770939,0.0033463195,0.0260329321,3.6591276786,0.0152735433,0.4276961927,1.0011911453,0.0501161728,0.0000000000,0.0000000056,0.0000000000,0.0000000002,0.0000000000,0.0000000056,3.0000000000,3.0000000000,1.0000000000,1.0000000000
1.7200000000,0.0412882269,0.0034924828,0.0280699729,3.6313131537,0.0151873682,0.4293499777,0.9083274540,0.0350784596,0.0000000000,0.0000000017,0.0000000000,0.0000000000,0.0000000000,0.0000000017,3.0000000000,3.0000000000,1.0000000000,1.0000000000
1.7300000000,0.0412855070,0.0035607022,0.0273547199,3.6031689138,0.0151668908,0.4309923281,0.9491485499,0.0212482964,0.0000000000,0.0000000000,0.0000000000,0.0000000000,0.0000000000,0.0000000000,3.0000000000,3.0000000000,1.0000000000,1.0000000000
1.7400000000,0.0412609744,0.0035462812,0.0288295884,3.5754593050,0.0151850240,0.4326230513,1.1044378029,0.0430749668,0.0000000000,0.0000000061,0.0000000000,0.0000000001,0.0000000000,0.0000000061,3.0000000000,2.0000000000,1.0000000000,1.0000000000
1.7500000000,0.0412501477,0.0035408128,0.0266466780,3.5601124600,0.0152134549,0.4342441653,1.3570618981,0.0566633707,0.0000000000,0.0000000010,0.0000000000,0.0000000000,0.0000000000,0.0000000010,3.0000000000,3.0000000000,1.0000000000,1.0000000000
1.7600000000,0.0412731675,0.0036480367,0.0275236069,3.5249709736,0.0152529277,0.4358491599,1.6853017262,0.0331157153,0.0000000077,0.0000000004,0.0000000001,0.0000000000,0.0000000124,0.0000000004,2.0000000000,3.0000000000,1.0000000000,1.0000000000
1.7700000000,0.0414128606,0.0036103638,0.0284178250,3.5052581895,0.0152883537,0.4374435951,2.0658586456,0.0209153829,0.0000000000,0.0000000000,0.0000000000,0.0000000000,0.0000000000,0.0000000000,3.0000000000,3.0000000000,1.0000000000,1.0000000000
1.7800000000,0.0416713267,0.0036593311,0.0325192395,3.4681120407,0.0153213748,0.4390171318,2.4735897004,0.0509864008,0.0000000000,0.0000000014,0.0000000000,0.0000000000,0.0000000000,0.0000000014,3.0000000000,3.0000000000,1.0000000000,1.0000000000
1.7900000000,0.0420657539,0.0035911280,0.0312627846,3.4498211075,0.0153355471,0.4405830941,2.8629464440,0.0692226576,0.0000000000,0.0000000006,0.0000000000,0.0000000000,0.0000000000,0.0000000006,3.0000000000,3.0000000000,1.0000000000,1.0000000000
1.8000000000,0.0425309119,0.0036563031,0.0265780939,3.4372358413,0.0153165480,0.4421368412,3.1551466633,0.0630601116,0.0000000000,0.0000000005,0.0000000000,0.0000000000,0.0000000000,0.0000000005,3.0000000000,3.0000000000,1.0000000000,1.0000000000
1.8100000000,0.0428562452,0.0038005818,0.0198581192,3.4143360950,0.0153067406,0.4436800172,3.3965204421,0.0261506033,0.0000000012,0.0000000092,0.0000000000,0.0000000002,0.0000001532,0.0000000092,2.0000000000,3.0000000000,1.0000000000,1.0000000000
1.8200000000,0.0431266870,0.0039253398,0.0152504096,3.3833025826,0.0153109784,0.4452105557,3.6164121406,0.0423795991,0.0000000084,0.0000000019,0.0000000001,0.0000000000,0.0000012681,0.0000000019,2.0000000000,2.0000000000,1.0000000000,1.0000000000
1.8300000000,0.0433728752,0.0039095078,0.0141490051,3.3695710103,0.0153206238,0.4467321299,3.8247609040,0.0787606423,0.0000000024,0.0000000056,0.0000000000,0.0000000001,0.0000003814,0.0000000056,2.0000000000,3.0000000000,1.0000000000,1.0000000000
1.8400000000,0.0435910567,0.0040451503,0.0148774362,3.3463035535,0.0153316380,0.4482398184,4.0358653713,0.0728548853,0.0000000034,0.0000000011,0.0000000000,0.0000000000,0.0000004722,0.0000000011,2.0000000000,3.0000000000,1.0000000000,1.0000000000
1.8500000000,0.0438010376,0.0041393211,0.0183833941,3.3214427923,0.0153455890,0.4497349948,4.2664538644,0.0323575745,0.0000000046,0.0000000000,0.0000000000,0.0000000000,0.0000005674,0.0000000000,2.0000000000,3.0000000000,1.0000000000,1.0000000000
1.8600000000,0.0440174191,0.0041608612,0.0214161262,3.2821405667,0.0153598840,0.4512153351,4.5230375763,0.0402335722,0.0000000025,0.0000000010,0.0000000000,0.0000000000,0.0000000584,0.0000000010,2.0000000000,3.0000000000,1.0000000000,1.0000000000
1.8700000000,0.0442463564,0.0041272784,0.0224022938,3.2671178212,0.0153755758,0.4526853253,4.8056672394,0.0896284477,0.0000000033,0.0000000029,0.0000000000,0.0000000001,0.0000001353,0.0000000029,2.0000000000,3.0000000000,1.0000000000,1.0000000000
1.8800000000,0.0444594576,0.0042205137,0.0260592182,3.2154760711,0.0153969920,0.4541472851,5.1129731970,0.0806799381,0.0000000091,0.0000000089,0.0000000001,0.0000000001,0.0000000091,0.0000000089,2.0000000000,3.0000000000,1.0000000000,1.0000000000
1.8900000000,0.0446409595,0.0041141909,0.0255186476,3.1856774949,0.0154177642,0.4555995790,5.4400967265,0.0350478246,0.0000000000,0.0000000007,0.0000000000,0.0000000000,0.0000000000,0.0000000007,3.0000000000,3.0000000000,1.0000000000,1.0000000000
1.9000000000,0.0447946576,0.0040536124,0.0287532498,3.1723549966,0.0154355989,0.4570448984,5.7821982929,0.0325420585,0.0000000098,0.0000000023,0.0000000001,0.0000000001,0.0000000098,0.0000000023,2.0000000000,3.0000000000,1.0000000000,1.0000000000
1.9100000000,0.0449380004,0.0041119576,0.0302020888,3.1343287395,0.0154478281,0.4584773657,6.1296905632,0.0719085898,0.0000000000,0.0000000018,0.0000000000,0.0000000000,0.0000000000,0.0000000018,3.0000000000,3.0000000000,1.0000000000,1.0000000000
1.9200000000,0.0450260457,0.0040993206,0.0302232651,3.1307788702,0.0154669765,0.4599048688,6.4873105117,0.0993967519,0.0000000000,0.0000000001,0.0000000000,0.0000000000,0.0000000000,0.0000000001,3.0000000000,4.0000000000,1.0000000000,1.0000000000
1.9300000000,0.0451016391,0.0042934661,0.0295369406,3.0818170794,0.0154788352,0.4613097844,6.8370088962,0.0615974162,0.0000000000,0.0000000051,0.0000000000,0.0000000001,0.0000000000,0.0000000051,3.0000000000,3.0000000000,1.0000000000,1.0000000000
1.9400000000,0.0451542607,0.0042523677,0.0273962837,3.0585369609,0.0154872350,0.4627067418,7.1666096619,0.0089641109,0.0000000000,0.0000000000,0.0000000000,0.0000000000,0.0000000000,0.0000000000,3.0000000000,3.0000000000,1.0000000000,1.0000000000
1.9500000000,0.0452074197,0.0042568059,0.0217123452,3.0303350992,0.0155046718,0.4640921770,7.4713007547,0.0623084154,0.0000000000,0.0000000096,0.0000000000,0.0000000002,0.0000000000,0.0000000096,3.0000000000,2.0000000000,1.0000000000,1.0000000000
1.9600000000,0.0452562838,0.0042740409,0.0180635541,3.0009548812,0.0155097251,0.4654662459,7.7246665332,0.0913714670,0.0000000000,0.0000000012,0.0000000000,0.0000000000,0.0000000000,0.0000000012,3.0000000000,2.0000000000,1.0000000000,1.0000000000
1.9700000000,0.0453004675,0.0042837082,0.0153972158,2.9435122825,0.0155020893,0.4668188208,7.9085191025,0.0631452890,0.0000000000,0.0000000002,0.0000000000,0.0000000000,0.0000000000,0.0000000002,3.0000000000,4.0000000000,1.0000000000,1.0000000000
1.9800000000,0.0453302294,0.0040684228,0.0137352115,2.9282678983,0.0154846537,0.4681652583,8.0220772800,0.0271604210,0.0000000014,0.0000000001,0.0000000000,0.0000000000,0.0000000693,0.0000000001,2.0000000000,3.0000000000,1.0000000000,1.0000000000
1.9900000000,0.0453492083,0.0041061871,0.0110974815,2.8944074602,0.0154615478,0.4695004209,8.0699828964,0.0484195809,0.0000000002,0.0000000005,0.0000000000,0.0000000000,0.0000000034,0.0000000005,2.0000000000,3.0000000000,1.0000000000,1.0000000000
2.0000000000,0.0453547470,0.0040452403,0.0078392680,2.8659083349,0.0154335352,0.4708256277,8.0472886461,0.0792618772,0.0000000001,0.0000000000,0.0000000000,0.0000000000,0.0000000144,0.0000000000,2.0000000000,3.0000000000,1.0000000000,1.0000000000
