time,penetration_soccp,penetration_polyhedral,residual_soccp,residual_polyhedral,scaled_residual_soccp,scaled_residual_polyhedral,complementarity_soccp,complementarity_polyhedral,iterations_soccp,iterations_polyhedral,spin_soccp,spin_polyhedral,slip_soccp,slip_polyhedral,tilt_soccp,tilt_polyhedral,contacts_soccp,contacts_polyhedral
0.0100000000,0.0000000000,0.0000000000,0.0000000000,0.0000000000,0.0000000000,0.0000000000,0.0000000000,0.0000000000,0.0000000000,0.0000000000,0.0000000000,0.0000000000,0.0033105891,0.0033105891,0.0000000000,0.0000000000,0.0000000000,0.0000000000
0.0200000000,0.0000000000,0.0000000000,0.0000000000,0.0000000000,0.0000000000,0.0000000000,0.0000000000,0.0000000000,0.0000000000,0.0000000000,0.0000000000,0.0000000000,0.0066211781,0.0066211781,0.0000000000,0.0000000000,0.0000000000,0.0000000000
0.0300000000,0.0000000000,0.0000000000,0.0000000000,0.0000000000,0.0000000000,0.0000000000,0.0000000000,0.0000000000,0.0000000000,0.0000000000,0.0000000000,0.0000000000,0.0099317672,0.0099317672,0.0000000000,0.0000000000,0.0000000000,0.0000000000
0.0400000000,0.0000000000,0.0000000000,0.0000000000,0.0000000000,0.0000000000,0.0000000000,0.0000000000,0.0000000000,0.0000000000,0.0000000000,0.0000000000,0.0000000000,0.0132423563,0.0132423563,0.0000000000,0.0000000000,0.0000000000,0.0000000000
0.0500000000,0.0013124317,0.0013124317,0.0000000006,0.0000000098,0.0000000000,0.0000000000,0.0000000000,0.0000000000,11.0000000000,75.0000000000,0.0218530496,0.0218530496,0.0134946002,0.0134946002,0.2143856156,0.2143856152,1.0000000000,1.0000000000
0.0600000000,0.0019471154,0.0019471154,0.0000000000,0.0000000053,0.0000000000,0.0000000000,0.0000000000,0.0000000000,3.0000000000,20.0000000000,0.0448141857,0.0448141857,0.0135228015,0.0135228015,0.2432137358,0.2432137354,1.0000000000,1.0000000000
0.0700000000,0.0024760848,0.0024760848,0.0000000027,0.0000000060,0.0000000002,0.0000000004,0.0000000000,0.0000000004,2.0000000000,17.0000000000,0.0480374535,0.0480374571,0.0135220963,0.0135220963,0.2444107876,0.2444107558,1.0000000000,1.0000000000
0.0800000000,0.0032709869,0.0032709868,0.0000000000,0.0000000032,0.0000000000,0.0000000001,0.0000000000,0.0000000001,3.0000000000,18.0000000000,0.0579306032,0.0579306149,0.0133663851,0.0133663849,0.0920295575,0.0920293817,1.0000000000,1.0000000000
0.0900000000,0.0042392788,0.0042392785,0.0000000008,0.0000000064,0.0000000000,0.0000000000,0.0000000000,0.0000000000,3.0000000000,15.0000000000,0.0923195898,0.0923195887,0.0130209979,0.0130209979,0.2213965001,0.2213964681,1.0000000000,1.0000000000
0.1000000000,0.0045586899,0.0045586894,0.0000000000,0.0000000055,0.0000000000,0.0000000000,0.0000000000,0.0000000000,3.0000000000,15.0000000000,0.1071073482,0.1071073358,0.0129351008,0.0129351009,0.3006378091,0.3006377310,1.0000000000,1.0000000000
0.1100000000,0.0046609144,0.0046609137,0.0000000000,0.0000000063,0.0000000000,0.0000000001,0.0000000000,0.0000000001,3.0000000000,17.0000000000,0.1104754596,0.1104754471,0.0129903613,0.0129903614,0.2432309866,0.2432308784,1.0000000000,1.0000000000
0.1200000000,0.0046717310,0.0046717303,0.0000000000,0.0000000075,0.0000000000,0.0000000001,0.0000000000,0.0000000001,3.0000000000,13.0000000000,0.1124190859,0.1124190728,0.0131905033,0.0131905034,0.0526469136,0.0526467982,1.0000000000,1.0000000000
0.1300000000,0.0047285332,0.0047285325,0.0000000000,0.0000000042,0.0000000000,0.0000000000,0.0000000000,0.0000000000,3.0000000000,16.0000000000,0.1102171043,0.1102170908,0.0134349756,0.0134349757,0.1717752077,0.1717752570,1.0000000000,1.0000000000
0.1400000000,0.0048824165,0.0048824159,0.0000000000,0.0000000087,0.0000000000,0.0000000001,0.0000000000,0.0000000001,3.0000000000,16.0000000000,0.1056502892,0.1056502756,0.0135562137,0.0135562137,0.2844946035,0.2844945350,1.0000000000,1.0000000000
0.1500000000,0.0050197869,0.0050197860,0.0000000000,0.0000000036,0.0000000000,0.0000000000,0.0000000000,0.0000000000,3.0000000000,16.0000000000,0.1000984983,0.1000984857,0.0135177014,0.0135177013,0.2467646567,0.2467645341,1.0000000000,1.0000000000
0.1600000000,0.0049898314,0.0049898305,0.0000000000,0.0000000035,0.0000000000,0.0000000001,0.0000000000,0.0000000001,3.0000000000,16.0000000000,0.0933960199,0.0933960048,0.0133609012,0.0133609010,0.0985204327,0.0985202765,1.0000000000,1.0000000000
0.1700000000,0.0049893358,0.0049893349,0.0000000000,0.0000000029,0.0000000000,0.0000000000,0.0000000000,0.0000000000,3.0000000000,16.0000000000,0.0826524807,0.0826524667,0.0131485609,0.0131485608,0.1023130501,0.1023131512,1.0000000000,1.0000000000
0.1800000000,0.0050543766,0.0050543758,0.0000000000,0.0000000031,0.0000000000,0.0000000000,0.0000000000,0.0000000000,3.0000000000,10.0000000000,0.0857046323,0.0857046204,0.0129875422,0.0129875422,0.2500915611,0.2500915470,1.0000000000,1.0000000000
0.1900000000,0.0052126964,0.0052126955,0.0000000000,0.0000000063,0.0000000000,0.0000000001,0.0000000000,0.0000000001,3.0000000000,16.0000000000,0.0862088299,0.0862088190,0.0129776525,0.0129776526,0.2600973176,0.2600972086,1.0000000000,1.0000000000
0.2000000000,0.0052044156,0.0052044147,0.0000000002,0.0000000033,0.0000000000,0.0000000001,0.0000000000,0.0000000001,2.0000000000,16.0000000000,0.0915433033,0.0915432957,0.0130786134,0.0130786136,0.1650049780,0.1650047998,1.0000000000,1.0000000000
0.2100000000,0.0051784994,0.0051784984,0.0000000000,0.0000000044,0.0000000000,0.0000000001,0.0000000000,0.0000000001,3.0000000000,14.0000000000,0.1096248844,0.1096248871,0.0132596073,0.0132596075,0.0323787270,0.0323787471,1.0000000000,1.0000000000
0.2200000000,0.0051937830,0.0051937821,0.0000000000,0.0000000035,0.0000000000,0.0000000001,0.0000000000,0.0000000001,3.0000000000,16.0000000000,0.1246029386,0.1246029535,0.0134410701,0.0134410703,0.1762435514,0.1762436451,1.0000000000,1.0000000000
0.2300000000,0.0053090359,0.0053090351,0.0000000000,0.0000000050,0.0000000000,0.0000000001,0.0000000000,0.0000000001,3.0000000000,16.0000000000,0.1325606520,0.1325606749,0.0135251227,0.0135251227,0.2550242714,0.2550242218,1.0000000000,1.0000000000
0.2400000000,0.0053786141,0.0053786131,0.0000000000,0.0000000054,0.0000000000,0.0000000001,0.0000000000,0.0000000001,3.0000000000,15.0000000000,0.1339525553,0.1339525832,0.0134896405,0.0134896403,0.2224618296,0.2224616746,1.0000000000,1.0000000000
0.2500000000,0.0053488940,0.0053488931,0.0000000084,0.0000000055,0.0000000001,0.0000000001,0.0000000002,0.0000000001,2.0000000000,15.0000000000,0.1304308928,0.1304309224,0.0133598663,0.0133598661,0.1050105228,0.1050102861,1.0000000000,1.0000000000
0.2600000000,0.0053347151,0.0053347140,0.0000000000,0.0000000076,0.0000000000,0.0000000001,0.0000000000,0.0000000001,3.0000000000,15.0000000000,0.1215369159,0.1215369507,0.0131842888,0.0131842885,0.0788698481,0.0788700251,1.0000000000,1.0000000000
0.2700000000,0.0053707605,0.0053707596,0.0000000000,0.0000000032,0.0000000000,0.0000000000,0.0000000000,0.0000000000,3.0000000000,16.0000000000,0.1069557764,0.1069558058,0.0130392281,0.0130392280,0.2057316556,0.2057317457,1.0000000000,1.0000000000
0.2800000000,0.0054800023,0.0054800013,0.0000000000,0.0000000042,0.0000000000,0.0000000001,0.0000000000,0.0000000001,3.0000000000,15.0000000000,0.0869549333,0.0869549635,0.0129985211,0.0129985212,0.2451633284,0.2451632422,1.0000000000,1.0000000000
0.2900000000,0.0054928434,0.0054928422,0.0000000056,0.0000000043,0.0000000001,0.0000000001,0.0000000001,0.0000000001,2.0000000000,13.0000000000,0.0667655649,0.0667655940,0.0130606846,0.0130606849,0.1915867823,0.1915865437,1.0000000000,1.0000000000
0.3000000000,0.0054739937,0.0054739925,0.0000000000,0.0000000036,0.0000000000,0.0000000001,0.0000000000,0.0000000001,3.0000000000,15.0000000000,0.0438154846,0.0438155099,0.0132027885,0.0132027889,0.0800688302,0.0800686045,1.0000000000,1.0000000000
0.3100000000,0.0054598397,0.0054598385,0.0000000000,0.0000000080,0.0000000000,0.0000000001,0.0000000000,0.0000000001,3.0000000000,15.0000000000,0.0194470195,0.0194470466,0.0133678666,0.0133678669,0.1154536582,0.1154538541,1.0000000000,1.0000000000
0.3200000000,0.0055137219,0.0055137208,0.0000000000,0.0000000097,0.0000000000,0.0000000001,0.0000000000,0.0000000001,3.0000000000,15.0000000000,0.0103733399,0.0103733324,0.0134848406,0.0134848406,0.2127227059,0.2127227555,1.0000000000,1.0000000000
0.3300000000,0.0056026812,0.0056026800,0.0000000000,0.0000000030,0.0000000000,0.0000000000,0.0000000000,0.0000000000,3.0000000000,16.0000000000,0.0381594045,0.0381593975,0.0135001184,0.0135001183,0.2279581086,0.2279579568,1.0000000000,1.0000000000
0.3400000000,0.0055933843,0.0055933829,0.0000000012,0.0000000033,0.0000000000,0.0000000001,0.0000000000,0.0000000001,2.0000000000,13.0000000000,0.0607883035,0.0607883005,0.0134214958,0.0134214955,0.1660284217,0.1660281311,1.0000000000,1.0000000000
0.3500000000,0.0055843115,0.0055843101,0.0000000000,0.0000000029,0.0000000000,0.0000000000,0.0000000000,0.0000000000,3.0000000000,15.0000000000,0.0819244377,0.0819244412,0.0132757980,0.0132757977,0.0817515153,0.0817513903,1.0000000000,1.0000000000
0.3600000000,0.0055777589,0.0055777576,0.0000000000,0.0000000067,0.0000000000,0.0000000001,0.0000000000,0.0000000001,3.0000000000,15.0000000000,0.1010450846,0.1010450871,0.0131187081,0.0131187078,0.1388539257,0.1388541224,1.0000000000,1.0000000000
0.3700000000,0.0056484313,0.0056484302,0.0000000000,0.0000000097,0.0000000000,0.0000000001,0.0000000000,0.0000000001,3.0000000000,15.0000000000,0.1175903711,0.1175903864,0.0130186341,0.0130186340,0.2130956947,0.2130957111,1.0000000000,1.0000000000
0.3800000000,0.0057231799,0.0057231786,0.0000000000,0.0000000034,0.0000000000,0.0000000000,0.0000000000,0.0000000000,3.0000000000,14.0000000000,0.1289708425,0.1289708604,0.0130177032,0.0130177034,0.2112774128,0.2112772114,1.0000000000,1.0000000000
0.3900000000,0.0057022502,0.0057022487,0.0000000031,0.0000000078,0.0000000001,0.0000000001,0.0000000001,0.0000000001,2.0000000000,11.0000000000,0.1338989710,0.1338989923,0.0131051585,0.0131051590,0.1444073533,0.1444070249,1.0000000000,1.0000000000
0.4000000000,0.0056913772,0.0056913757,0.0000000000,0.0000000031,0.0000000000,0.0000000000,0.0000000000,0.0000000000,3.0000000000,15.0000000000,0.1333602110,0.1333602339,0.0132495402,0.0132495407,0.0851767035,0.0851766841,1.0000000000,1.0000000000
0.4100000000,0.0056871157,0.0056871142,0.0000000000,0.0000000069,0.0000000000,0.0000000001,0.0000000000,0.0000000001,3.0000000000,15.0000000000,0.1276121421,0.1276121663,0.0133960702,0.0133960706,0.1534127146,0.1534129295,1.0000000000,1.0000000000
0.4200000000,0.0057649452,0.0057649440,0.0000000000,0.0000000096,0.0000000000,0.0000000001,0.0000000000,0.0000000001,3.0000000000,15.0000000000,0.1177853093,0.1177853278,0.0134827573,0.0134827574,0.2133071051,0.2133070927,1.0000000000,1.0000000000
0.4300000000,0.0058266868,0.0058266853,0.0000000000,0.0000000075,0.0000000000,0.0000000001,0.0000000000,0.0000000001,3.0000000000,15.0000000000,0.1033211476,0.1033211683,0.0134747628,0.0134747626,0.1985346014,0.1985343444,1.0000000000,1.0000000000
0.4400000000,0.0057939368,0.0057939351,0.0000000024,0.0000000063,0.0000000000,0.0000000001,0.0000000000,0.0000000001,2.0000000000,13.0000000000,0.0879292776,0.0879291717,0.0133864132,0.0133864128,0.1276434204,0.1276430581,1.0000000000,1.0000000000
0.4500000000,0.0057706419,0.0057706403,0.0000000000,0.0000000045,0.0000000000,0.0000000001,0.0000000000,0.0000000001,3.0000000000,15.0000000000,0.0867487123,0.0867486173,0.0132527034,0.0132527030,0.0850023751,0.0850024382,1.0000000000,1.0000000000
0.4600000000,0.0057670235,0.0057670220,0.0000000000,0.0000000051,0.0000000000,0.0000000001,0.0000000000,0.0000000001,3.0000000000,15.0000000000,0.0847986722,0.0847985908,0.0131189248,0.0131189244,0.1550595706,0.1550598022,1.0000000000,1.0000000000
0.4700000000,0.0058416060,0.0058416047,0.0000000000,0.0000000077,0.0000000000,0.0000000001,0.0000000000,0.0000000001,3.0000000000,15.0000000000,0.0886250410,0.0886249700,0.0130402716,0.0130402716,0.2068719479,0.2068719126,1.0000000000,1.0000000000
0.4800000000,0.0058983536,0.0058983520,0.0000000000,0.0000000057,0.0000000000,0.0000000001,0.0000000000,0.0000000001,3.0000000000,15.0000000000,0.0942981376,0.0942980746,0.0130480033,0.0130480036,0.1878751717,0.1878748650,1.0000000000,1.0000000000
0.4900000000,0.0058681933,0.0058681915,0.0000000025,0.0000000046,0.0000000000,0.0000000001,0.0000000000,0.0000000001,2.0000000000,13.0000000000,0.0981335968,0.0981335445,0.0131315558,0.0131315564,0.1168802619,0.1168798587,1.0000000000,1.0000000000
0.5000000000,0.0058398765,0.0058398749,0.0000000000,0.0000000098,0.0000000000,0.0000000002,0.0000000000,0.0000000002,3.0000000000,14.0000000000,0.1009180682,0.1009180290,0.0132605526,0.0132605531,0.0836531549,0.0836532687,1.0000000000,1.0000000000
0.5100000000,0.0058428359,0.0058428343,0.0000000000,0.0000000057,0.0000000000,0.0000000001,0.0000000000,0.0000000001,3.0000000000,15.0000000000,0.1014535500,0.1014535225,0.0133888788,0.0133888793,0.1575460218,0.1575462816,1.0000000000,1.0000000000
0.5200000000,0.0059178724,0.0059178711,0.0000000000,0.0000000073,0.0000000000,0.0000000001,0.0000000000,0.0000000001,3.0000000000,15.0000000000,0.0993229349,0.0993229200,0.0134626463,0.0134626463,0.2039450089,0.2039449834,1.0000000000,1.0000000000
0.5300000000,0.0059701154,0.0059701137,0.0000000000,0.0000000054,0.0000000000,0.0000000001,0.0000000000,0.0000000001,3.0000000000,15.0000000000,0.0946812148,0.0946812168,0.0134546058,0.0134546055,0.1805495114,0.1805491818,1.0000000000,1.0000000000
0.5400000000,0.0059394896,0.0059394877,0.0000000022,0.0000000029,0.0000000000,0.0000000000,0.0000000000,0.0000000000,2.0000000000,13.0000000000,0.0886078664,0.0886078840,0.0133747582,0.0133747577,0.1072321679,0.1072317198,1.0000000000,1.0000000000
0.5500000000,0.0059042994,0.0059042977,0.0000000000,0.0000000031,0.0000000000,0.0000000001,0.0000000000,0.0000000001,3.0000000000,15.0000000000,0.0813586283,0.0813586588,0.0132538686,0.0132538681,0.0824026359,0.0824028108,1.0000000000,1.0000000000
0.5600000000,0.0059106478,0.0059106461,0.0000000000,0.0000000050,0.0000000000,0.0000000001,0.0000000000,0.0000000001,3.0000000000,15.0000000000,0.0727785628,0.0727786067,0.0131338959,0.0131338954,0.1589220107,0.1589223369,1.0000000000,1.0000000000
0.5700000000,0.0059834797,0.0059834784,0.0000000000,0.0000000064,0.0000000000,0.0000000001,0.0000000000,0.0000000001,3.0000000000,15.0000000000,0.0606451569,0.0606452018,0.0130641416,0.0130641416,0.2029086850,0.2029086965,1.0000000000,1.0000000000
0.5800000000,0.0060355957,0.0060355941,0.0000000000,0.0000000048,0.0000000000,0.0000000001,0.0000000000,0.0000000001,3.0000000000,15.0000000000,0.0467542750,0.0467543329,0.0130710034,0.0130710037,0.1770193354,0.1770189879,1.0000000000,1.0000000000
0.5900000000,0.0060064941,0.0060064921,0.0000000016,0.0000000090,0.0000000000,0.0000000001,0.0000000000,0.0000000001,2.0000000000,12.0000000000,0.0330772050,0.0330772740,0.0131462027,0.0131462033,0.1010371994,0.1010366821,1.0000000000,1.0000000000
0.6000000000,0.0059632537,0.0059632520,0.0000000000,0.0000000030,0.0000000000,0.0000000001,0.0000000000,0.0000000001,3.0000000000,15.0000000000,0.0201647970,0.0201648723,0.0132597352,0.0132597359,0.0776196750,0.0776199029,1.0000000000,1.0000000000
0.6100000000,0.0059724326,0.0059724309,0.0000000000,0.0000000045,0.0000000000,0.0000000001,0.0000000000,0.0000000001,3.0000000000,15.0000000000,0.0072410312,0.0072411150,0.0133721315,0.0133721321,0.1567712009,0.1567716193,1.0000000000,1.0000000000
0.6200000000,0.0060397247,0.0060397234,0.0000000000,0.0000000080,0.0000000000,0.0000000001,0.0000000000,0.0000000001,3.0000000000,14.0000000000,0.0003976246,0.0003975468,0.0134380327,0.0134380329,0.2019936592,0.2019937328,1.0000000000,1.0000000000
0.6300000000,0.0060941670,0.0060941654,0.0000000000,0.0000000037,0.0000000000,0.0000000001,0.0000000000,0.0000000001,3.0000000000,15.0000000000,0.0081370115,0.0081369328,0.0134321687,0.0134321684,0.1772024897,0.1772021353,1.0000000000,1.0000000000
0.6400000000,0.0060699461,0.0060699441,0.0000000011,0.0000000060,0.0000000000,0.0000000001,0.0000000000,0.0000000001,2.0000000000,13.0000000000,0.0151141027,0.0151140239,0.0133620066,0.0133620060,0.0996075279,0.0996069191,1.0000000000,1.0000000000
0.6500000000,0.0060235935,0.0060235916,0.0000000000,0.0000000042,0.0000000000,0.0000000001,0.0000000000,0.0000000001,3.0000000000,13.0000000000,0.0252952701,0.0252956293,0.0132561690,0.0132561683,0.0690257246,0.0690259624,1.0000000000,1.0000000000
0.6600000000,0.0060295716,0.0060295700,0.0000000000,0.0000000031,0.0000000000,0.0000000001,0.0000000000,0.0000000001,3.0000000000,15.0000000000,0.0372636286,0.0372639785,0.0131503564,0.0131503558,0.1504385886,0.1504390421,1.0000000000,1.0000000000
0.6700000000,0.0060885971,0.0060885959,0.0000000000,0.0000000048,0.0000000000,0.0000000001,0.0000000000,0.0000000001,3.0000000000,15.0000000000,0.0505163676,0.0505167184,0.0130855212,0.0130855211,0.2005828316,0.2005829110,1.0000000000,1.0000000000
0.6800000000,0.0061470162,0.0061470146,0.0000000000,0.0000000038,0.0000000000,0.0000000001,0.0000000000,0.0000000001,3.0000000000,15.0000000000,0.0634670466,0.0634673743,0.0130872988,0.0130872992,0.1811717922,0.1811714101,1.0000000000,1.0000000000
0.6900000000,0.0061315119,0.0061315099,0.0000000007,0.0000000097,0.0000000000,0.0000000001,0.0000000000,0.0000000001,2.0000000000,12.0000000000,0.0742811571,0.0742814529,0.0131509254,0.0131509261,0.1046430276,0.1046423465,1.0000000000,1.0000000000
0.7000000000,0.0060857230,0.0060857210,0.0000000000,0.0000000086,0.0000000000,0.0000000001,0.0000000000,0.0000000001,3.0000000000,14.0000000000,0.0825359465,0.0825362035,0.0132512376,0.0132512385,0.0564613963,0.0564615735,1.0000000000,1.0000000000
0.7100000000,0.0060860832,0.0060860815,0.0000000000,0.0000000037,0.0000000000,0.0000000001,0.0000000000,0.0000000001,3.0000000000,15.0000000000,0.0887062181,0.0887064383,0.0133539067,0.0133539074,0.1390822677,0.1390828094,1.0000000000,1.0000000000
0.7200000000,0.0061353949,0.0061353937,0.0000000000,0.0000000041,0.0000000000,0.0000000001,0.0000000000,0.0000000001,3.0000000000,15.0000000000,0.0940397618,0.0940399454,0.0134206197,0.0134206200,0.1977908952,0.1977910552,1.0000000000,1.0000000000
0.7300000000,0.0061984919,0.0061984904,0.0000000000,0.0000000034,0.0000000000,0.0000000001,0.0000000000,0.0000000001,3.0000000000,15.0000000000,0.0979110805,0.0979112133,0.0134243401,0.0134243399,0.1880018501,0.1880014970,1.0000000000,1.0000000000
0.7400000000,0.0061934239,0.0061934219,0.0000000004,0.0000000044,0.0000000000,0.0000000001,0.0000000000,0.0000000001,2.0000000000,13.0000000000,0.0995254063,0.0995254849,0.0133673996,0.0133673989,0.1161068178,0.1161060837,1.0000000000,1.0000000000
0.7500000000,0.0061480141,0.0061480121,0.0000000000,0.0000000073,0.0000000000,0.0000000001,0.0000000000,0.0000000001,3.0000000000,14.0000000000,0.0988655859,0.0988656124,0.0132724902,0.0132724894,0.0434882963,0.0434882083,1.0000000000,1.0000000000
0.7600000000,0.0061391404,0.0061391387,0.0000000000,0.0000000033,0.0000000000,0.0000000001,0.0000000000,0.0000000001,3.0000000000,15.0000000000,0.0963395102,0.0963394900,0.0131718014,0.0131718007,0.1217639352,0.1217645759,1.0000000000,1.0000000000
0.7700000000,0.0061776587,0.0061776576,0.0000000000,0.0000000036,0.0000000000,0.0000000001,0.0000000000,0.0000000001,3.0000000000,15.0000000000,0.0917636996,0.0917636227,0.0131002991,0.0131002988,0.1913460665,0.1913463362,1.0000000000,1.0000000000
0.7800000000,0.0062422838,0.0062422824,0.0000000000,0.0000000098,0.0000000000,0.0000000001,0.0000000000,0.0000000001,3.0000000000,14.0000000000,0.0862323315,0.0862322124,0.0130853634,0.0130853636,0.1964357759,0.1964354715,1.0000000000,1.0000000000
0.7900000000,0.0062480998,0.0062480977,0.0000000004,0.0000000055,0.0000000000,0.0000000001,0.0000000000,0.0000000001,2.0000000000,14.0000000000,0.0864353334,0.0864351549,0.0131299316,0.0131299323,0.1356394560,0.1356386899,1.0000000000,1.0000000000
0.8000000000,0.0062041179,0.0062041156,0.0000000078,0.0000000095,0.0000000001,0.0000000002,0.0000000001,0.0000000002,2.0000000000,14.0000000000,0.0911981644,0.0911979097,0.0132153755,0.0132153764,0.0439977706,0.0439970520,1.0000000000,1.0000000000
0.8100000000,0.0061803413,0.0061803394,0.0000000000,0.0000000074,0.0000000000,0.0000000001,0.0000000000,0.0000000001,3.0000000000,14.0000000000,0.0905274554,0.0905271343,0.0133142037,0.0133142046,0.0905042625,0.0905049853,1.0000000000,1.0000000000
0.8200000000,0.0061980722,0.0061980705,0.0000000000,0.0000000032,0.0000000000,0.0000000001,0.0000000000,0.0000000001,3.0000000000,15.0000000000,0.1055977103,0.1055973648,0.0133936120,0.0133936125,0.1733303886,0.1733307959,1.0000000000,1.0000000000
0.8300000000,0.0062612024,0.0062612008,0.0000000000,0.0000000033,0.0000000000,0.0000000000,0.0000000000,0.0000000000,3.0000000000,15.0000000000,0.1162067827,0.1162064079,0.0134230586,0.0134230585,0.2006287781,0.2006285806,1.0000000000,1.0000000000
0.8400000000,0.0062917267,0.0062917245,0.0000000018,0.0000000042,0.0000000000,0.0000000001,0.0000000000,0.0000000001,2.0000000000,14.0000000000,0.1228932283,0.1228928289,0.0133919432,0.0133919426,0.1591614814,0.1591607423,1.0000000000,1.0000000000
0.8500000000,0.0062614595,0.0062614569,0.0000000027,0.0000000045,0.0000000000,0.0000000001,0.0000000001,0.0000000001,2.0000000000,14.0000000000,0.1264058643,0.1264054535,0.0133133161,0.0133133152,0.0672165982,0.0672156051,1.0000000000,1.0000000000
0.8600000000,0.0062250015,0.0062249991,0.0000000000,0.0000000093,0.0000000000,0.0000000002,0.0000000000,0.0000000002,3.0000000000,14.0000000000,0.1254324131,0.1254320079,0.0132155014,0.0132155006,0.0565746316,0.0565754259,1.0000000000,1.0000000000
0.8700000000,0.0062341000,0.0062340980,0.0000000000,0.0000000029,0.0000000000,0.0000000001,0.0000000000,0.0000000001,3.0000000000,15.0000000000,0.1203219965,0.1203215981,0.0131290876,0.0131290871,0.1516345008,0.1516350697,1.0000000000,1.0000000000
0.8800000000,0.0062905801,0.0062905784,0.0000000000,0.0000000029,0.0000000000,0.0000000000,0.0000000000,0.0000000000,3.0000000000,15.0000000000,0.1097297240,0.1097293481,0.0130860801,0.0130860801,0.1987277144,0.1987276792,1.0000000000,1.0000000000
0.8900000000,0.0063346439,0.0063346417,0.0000000064,0.0000000052,0.0000000001,0.0000000001,0.0000000001,0.0000000001,2.0000000000,14.0000000000,0.0944916159,0.0944912890,0.0131016731,0.0131016737,0.1764701757,0.1764695218,1.0000000000,1.0000000000
0.9000000000,0.0063151255,0.0063151226,0.0000000004,0.0000000088,0.0000000000,0.0000000001,0.0000000000,0.0000000001,2.0000000000,13.0000000000,0.0765031782,0.0765029206,0.0131678617,0.0131678627,0.0954933851,0.0954923560,1.0000000000,1.0000000000
0.9100000000,0.0062713252,0.0062713225,0.0000000000,0.0000000074,0.0000000000,0.0000000001,0.0000000000,0.0000000001,3.0000000000,14.0000000000,0.0574074315,0.0574072555,0.0132612857,0.0132612868,0.0221434761,0.0221441491,1.0000000000,1.0000000000
0.9200000000,0.0062667615,0.0062667592,0.0000000000,0.0000000088,0.0000000000,0.0000000002,0.0000000000,0.0000000002,3.0000000000,14.0000000000,0.0385334074,0.0385332589,0.0133538430,0.0133538438,0.1233947995,0.1233955565,1.0000000000,1.0000000000
0.9300000000,0.0063082348,0.0063082330,0.0000000000,0.0000000097,0.0000000000,0.0000000002,0.0000000000,0.0000000002,3.0000000000,14.0000000000,0.0149736853,0.0149735795,0.0134132494,0.0134132497,0.1896391231,0.1896393080,1.0000000000,1.0000000000
0.9400000000,0.0063642863,0.0063642842,0.0000000000,0.0000000067,0.0000000000,0.0000000001,0.0000000000,0.0000000001,3.0000000000,14.0000000000,0.0109178931,0.0109179173,0.0134178903,0.0134178900,0.1902909320,0.1902904467,1.0000000000,1.0000000000
0.9500000000,0.0063662952,0.0063662924,0.0000000000,0.0000000089,0.0000000000,0.0000000001,0.0000000000,0.0000000001,2.0000000000,11.0000000000,0.0356424614,0.0356423939,0.0133686459,0.0133686451,0.1267277747,0.1267267908,1.0000000000,1.0000000000
0.9600000000,0.0063275764,0.0063275735,0.0000000000,0.0000000049,0.0000000000,0.0000000001,0.0000000000,0.0000000001,3.0000000000,14.0000000000,0.0576314895,0.0576313275,0.0132840687,0.0132840677,0.0232492538,0.0232481095,1.0000000000,1.0000000000
0.9700000000,0.0063099651,0.0063099627,0.0000000000,0.0000000077,0.0000000000,0.0000000001,0.0000000000,0.0000000001,3.0000000000,14.0000000000,0.0751542372,0.0751539862,0.0131911022,0.0131911013,0.0874932897,0.0874942494,1.0000000000,1.0000000000
0.9800000000,0.0063361186,0.0063361166,0.0000000000,0.0000000089,0.0000000000,0.0000000001,0.0000000000,0.0000000001,3.0000000000,14.0000000000,0.0917574674,0.0917571842,0.0131191343,0.0131191338,0.1714007175,0.1714011694,1.0000000000,1.0000000000
0.9900000000,0.0063973501,0.0063973481,0.0000000000,0.0000000083,0.0000000000,0.0000000001,0.0000000000,0.0000000001,3.0000000000,14.0000000000,0.1069036322,0.1069033022,0.0130938978,0.0130938980,0.1974740383,0.1974737749,1.0000000000,1.0000000000
1.0000000000,0.0064239978,0.0064239951,0.0000000006,0.0000000029,0.0000000000,0.0000000000,0.0000000000,0.0000000000,2.0000000000,14.0000000000,0.1181156263,0.1181152489,0.0131226981,0.0131226989,0.1566507877,0.1566499029,1.0000000000,1.0000000000
1.0100000000,0.0063970635,0.0063970604,0.0000000037,0.0000000098,0.0000000001,0.0000000002,0.0000000001,0.0000000002,2.0000000000,13.0000000000,0.1246262278,0.1246258162,0.0131940098,0.0131940109,0.0653509387,0.0653497509,1.0000000000,1.0000000000
1.0200000000,0.0063665663,0.0063665635,0.0000000000,0.0000000068,0.0000000000,0.0000000001,0.0000000000,0.0000000001,3.0000000000,14.0000000000,0.1264203211,0.1264198906,0.0132838653,0.0132838664,0.0459338387,0.0459349891,1.0000000000,1.0000000000
1.0300000000,0.0063775313,0.0063775289,0.0000000000,0.0000000083,0.0000000000,0.0000000001,0.0000000000,0.0000000001,3.0000000000,14.0000000000,0.1241206558,0.1241202202,0.0133648549,0.0133648557,0.1433031497,0.1433038844,1.0000000000,1.0000000000
1.0400000000,0.0064305312,0.0064305291,0.0000000000,0.0000000094,0.0000000000,0.0000000001,0.0000000000,0.0000000001,3.0000000000,14.0000000000,0.1170795837,0.1170791540,0.0134069026,0.0134069028,0.1944187640,0.1944187786,1.0000000000,1.0000000000
1.0500000000,0.0064732663,0.0064732637,0.0000000039,0.0000000052,0.0000000001,0.0000000001,0.0000000001,0.0000000001,2.0000000000,14.0000000000,0.1075079313,0.1075075287,0.0133959699,0.0133959694,0.1812858503,0.1812851265,1.0000000000,1.0000000000
1.0600000000,0.0064615432,0.0064615399,0.0000000003,0.0000000046,0.0000000000,0.0000000001,0.0000000000,0.0000000001,2.0000000000,13.0000000000,0.0949017042,0.0949013467,0.0133379870,0.0133379861,0.1110889310,0.1110877696,1.0000000000,1.0000000000
1.0700000000,0.0064232367,0.0064232336,0.0000000052,0.0000000061,0.0000000001,0.0000000001,0.0000000001,0.0000000001,2.0000000000,14.0000000000,0.0949071399,0.0949068660,0.0132535234,0.0132535225,0.0188216831,0.0188212424,1.0000000000,1.0000000000
1.0800000000,0.0064155342,0.0064155315,0.0000000000,0.0000000090,0.0000000000,0.0000000002,0.0000000000,0.0000000002,3.0000000000,14.0000000000,0.0923504356,0.0923502287,0.0131684705,0.0131684699,0.1006890459,0.1006899137,1.0000000000,1.0000000000
1.0900000000,0.0064463767,0.0064463744,0.0000000000,0.0000000036,0.0000000000,0.0000000001,0.0000000000,0.0000000001,3.0000000000,15.0000000000,0.0930312495,0.0930311220,0.0131112689,0.0131112690,0.1751362674,0.1751362315,1.0000000000,1.0000000000
1.1000000000,0.0065019295,0.0065019265,0.0000000000,0.0000000037,0.0000000000,0.0000000001,0.0000000000,0.0000000001,3.0000000000,14.0000000000,0.0986663120,0.0986662322,0.0131023447,0.0131023454,0.1923775064,0.1923765742,1.0000000000,1.0000000000
1.1100000000,0.0065161748,0.0065161711,0.0000000002,0.0000000096,0.0000000000,0.0000000001,0.0000000000,0.0000000001,2.0000000000,10.0000000000,0.1022992536,0.1022992263,0.0131433581,0.0131433592,0.1471058948,0.1471044177,1.0000000000,1.0000000000
1.1200000000,0.0064836307,0.0064836269,0.0000000046,0.0000000056,0.0000000001,0.0000000001,0.0000000001,0.0000000001,2.0000000000,14.0000000000,0.1039962232,0.1039962470,0.0132191765,0.0132191776,0.0603831443,0.0603817027,1.0000000000,1.0000000000
1.1300000000,0.0064569738,0.0064569706,0.0000000000,0.0000000084,0.0000000000,0.0000000001,0.0000000000,0.0000000001,3.0000000000,14.0000000000,0.1039144544,0.1039145231,0.0133054452,0.0133054460,0.0602901750,0.0602909928,1.0000000000,1.0000000000
1.1400000000,0.0064705210,0.0064705181,0.0000000000,0.0000000089,0.0000000000,0.0000000002,0.0000000000,0.0000000002,3.0000000000,14.0000000000,0.1019860683,0.1019861751,0.0133758066,0.0133758068,0.1463764312,0.1463767194,1.0000000000,1.0000000000
1.1500000000,0.0065216355,0.0065216324,0.0000000000,0.0000000085,0.0000000000,0.0000000001,0.0000000000,0.0000000001,3.0000000000,14.0000000000,0.0975837295,0.0975838807,0.0134040259,0.0134040255,0.1899661914,0.1899656420,1.0000000000,1.0000000000
1.1600000000,0.0065574276,0.0065574238,0.0000000024,0.0000000087,0.0000000000,0.0000000001,0.0000000000,0.0000000001,2.0000000000,13.0000000000,0.0910053923,0.0910055948,0.0133799555,0.0133799547,0.1724351888,0.1724339914,1.0000000000,1.0000000000
1.1700000000,0.0065405540,0.0065405498,0.0000000005,0.0000000045,0.0000000000,0.0000000001,0.0000000000,0.0000000001,2.0000000000,14.0000000000,0.0830398259,0.0830400795,0.0133134384,0.0133134375,0.1036509347,0.1036495311,1.0000000000,1.0000000000
1.1800000000,0.0065040908,0.0065040869,0.0000000000,0.0000000086,0.0000000000,0.0000000001,0.0000000000,0.0000000001,3.0000000000,14.0000000000,0.0744157225,0.0744160228,0.0132275207,0.0132275200,0.0397005634,0.0397003718,1.0000000000,1.0000000000
1.1900000000,0.0065024872,0.0065024837,0.0000000000,0.0000000093,0.0000000000,0.0000000002,0.0000000000,0.0000000002,3.0000000000,14.0000000000,0.0651504136,0.0651507402,0.0131483812,0.0131483810,0.1100619972,0.1100624679,1.0000000000,1.0000000000
1.2000000000,0.0065350825,0.0065350792,0.0000000000,0.0000000095,0.0000000000,0.0000000002,0.0000000000,0.0000000002,3.0000000000,14.0000000000,0.0535790650,0.0535793996,0.0131031401,0.0131031405,0.1739528988,0.1739526999,1.0000000000,1.0000000000
1.2100000000,0.0065845801,0.0065845763,0.0000000086,0.0000000038,0.0000000001,0.0000000001,0.0000000000,0.0000000001,2.0000000000,13.0000000000,0.0436998764,0.0437002343,0.0131085004,0.0131085012,0.1847987406,0.1847978730,1.0000000000,1.0000000000
1.2200000000,0.0065920322,0.0065920276,0.0000000001,0.0000000028,0.0000000000,0.0000000000,0.0000000000,0.0000000000,2.0000000000,15.0000000000,0.0370275086,0.0370278759,0.0131618906,0.0131618915,0.1396062395,0.1396049855,1.0000000000,1.0000000000
1.2300000000,0.0065599932,0.0065599887,0.0000000053,0.0000000031,0.0000000001,0.0000000001,0.0000000000,0.0000000001,2.0000000000,14.0000000000,0.0339995027,0.0339998702,0.0132441938,0.0132441945,0.0651491936,0.0651480422,1.0000000000,1.0000000000
1.2400000000,0.0065397073,0.0065397033,0.0000000000,0.0000000043,0.0000000000,0.0000000001,0.0000000000,0.0000000001,3.0000000000,14.0000000000,0.0345093100,0.0345096724,0.0133301727,0.0133301731,0.0741336949,0.0741339543,1.0000000000,1.0000000000
1.2500000000,0.0065560834,0.0065560796,0.0000000000,0.0000000090,0.0000000000,0.0000000002,0.0000000000,0.0000000002,3.0000000000,14.0000000000,0.0349902346,0.0349905909,0.0133937136,0.0133937135,0.1466172469,0.1466173035,1.0000000000,1.0000000000
1.2600000000,0.0066046809,0.0066046769,0.0000000000,0.0000000071,0.0000000000,0.0000000001,0.0000000000,0.0000000001,3.0000000000,14.0000000000,0.0354232914,0.0354236396,0.0134113507,0.0134113501,0.1828142647,0.1828137370,1.0000000000,1.0000000000
1.2700000000,0.0066357045,0.0066356999,0.0000000013,0.0000000029,0.0000000000,0.0000000000,0.0000000000,0.0000000000,2.0000000000,12.0000000000,0.0357639524,0.0357642918,0.0133768043,0.0133768035,0.1643323771,0.1643313661,1.0000000000,1.0000000000
1.2800000000,0.0066190282,0.0066190233,0.0000000010,0.0000000067,0.0000000000,0.0000000001,0.0000000000,0.0000000001,2.0000000000,14.0000000000,0.0360140175,0.0360143476,0.0133027737,0.0133027730,0.1031385834,0.1031374001,1.0000000000,1.0000000000
1.2900000000,0.0065866771,0.0065866725,0.0000000000,0.0000000099,0.0000000000,0.0000000002,0.0000000000,0.0000000002,3.0000000000,14.0000000000,0.0361710213,0.0361713425,0.0132139583,0.0132139580,0.0593122494,0.0593118080,1.0000000000,1.0000000000
1.3000000000,0.0065901844,0.0065901800,0.0000000000,0.0000000099,0.0000000000,0.0000000002,0.0000000000,0.0000000002,3.0000000000,14.0000000000,0.0363311160,0.0363314266,0.0131371785,0.0131371786,0.1143634583,0.1143635896,1.0000000000,1.0000000000
1.3100000000,0.0066164860,0.0066164818,0.0000000000,0.0000000084,0.0000000000,0.0000000001,0.0000000000,0.0000000001,3.0000000000,14.0000000000,0.0364129190,0.0364132173,0.0130973747,0.0130973753,0.1683452498,0.1683449833,1.0000000000,1.0000000000
1.3200000000,0.0066611628,0.0066611582,0.0000000071,0.0000000035,0.0000000001,0.0000000001,0.0000000000,0.0000000001,2.0000000000,14.0000000000,0.0363841541,0.0363844390,0.0131094478,0.0131094487,0.1763432563,0.1763424870,1.0000000000,1.0000000000
1.3300000000,0.0066680821,0.0066680769,0.0000000004,0.0000000045,0.0000000000,0.0000000001,0.0000000000,0.0000000001,2.0000000000,14.0000000000,0.0362526930,0.0362529643,0.0131684535,0.0131684545,0.1361497134,0.1361486417,1.0000000000,1.0000000000
1.3400000000,0.0066391847,0.0066391795,0.0000000073,0.0000000096,0.0000000001,0.0000000002,0.0000000000,0.0000000002,2.0000000000,14.0000000000,0.0360444130,0.0360446708,0.0132541233,0.0132541240,0.0775451355,0.0775441838,1.0000000000,1.0000000000
1.3500000000,0.0066227710,0.0066227662,0.0000000000,0.0000000030,0.0000000000,0.0000000001,0.0000000000,0.0000000001,3.0000000000,15.0000000000,0.0358377428,0.0358379873,0.0133404512,0.0133404515,0.0867172167,0.0867171392,1.0000000000,1.0000000000
1.3600000000,0.0066374594,0.0066374543,0.0000000000,0.0000000099,0.0000000000,0.0000000002,0.0000000000,0.0000000002,3.0000000000,14.0000000000,0.0355936121,0.0355938410,0.0134013163,0.0134013161,0.1448004021,0.1448003256,1.0000000000,1.0000000000
1.3700000000,0.0066756240,0.0066756192,0.0000000000,0.0000000067,0.0000000000,0.0000000001,0.0000000000,0.0000000001,3.0000000000,14.0000000000,0.0352223546,0.0352225661,0.0134154096,0.0134154090,0.1751844381,0.1751839584,1.0000000000,1.0000000000
1.3800000000,0.0067052293,0.0067052240,0.0000000015,0.0000000033,0.0000000000,0.0000000001,0.0000000000,0.0000000001,2.0000000000,13.0000000000,0.0347214201,0.0347216138,0.0133772659,0.0133772651,0.1588458635,0.1588449996,1.0000000000,1.0000000000
1.3900000000,0.0066929284,0.0066929228,0.0000000018,0.0000000080,0.0000000000,0.0000000001,0.0000000000,0.0000000001,2.0000000000,14.0000000000,0.0341342153,0.0341343918,0.0133000565,0.0133000557,0.1081553805,0.1081543652,1.0000000000,1.0000000000
1.4000000000,0.0066640236,0.0066640181,0.0000000000,0.0000000032,0.0000000000,0.0000000001,0.0000000000,0.0000000001,3.0000000000,15.0000000000,0.0335167299,0.0335168910,0.0132089331,0.0132089327,0.0774021122,0.0774015716,1.0000000000,1.0000000000
1.4100000000,0.0066711007,0.0066710954,0.0000000000,0.0000000032,0.0000000000,0.0000000001,0.0000000000,0.0000000001,3.0000000000,15.0000000000,0.0329367031,0.0329368466,0.0131315233,0.0131315233,0.1180797301,0.1180796458,1.0000000000,1.0000000000
1.4200000000,0.0066868911,0.0066868861,0.0000000000,0.0000000085,0.0000000000,0.0000000001,0.0000000000,0.0000000001,3.0000000000,14.0000000000,0.0322819721,0.0322820959,0.0130913827,0.0130913833,0.1628928842,0.1628925665,1.0000000000,1.0000000000
1.4300000000,0.0067282804,0.0067282750,0.0000000069,0.0000000038,0.0000000001,0.0000000001,0.0000000000,0.0000000001,2.0000000000,14.0000000000,0.0314671241,0.0314672269,0.0131037061,0.0131037071,0.1700197803,0.1700190782,1.0000000000,1.0000000000
1.4400000000,0.0067396792,0.0067396732,0.0000000008,0.0000000051,0.0000000000,0.0000000001,0.0000000000,0.0000000001,2.0000000000,14.0000000000,0.0305342912,0.0305343737,0.0131640735,0.0131640746,0.1363822101,0.1363812649,1.0000000000,1.0000000000
1.4500000000,0.0067167301,0.0067167240,0.0000000079,0.0000000030,0.0000000001,0.0000000000,0.0000000000,0.0000000000,2.0000000000,15.0000000000,0.0295495934,0.0295496566,0.0132523805,0.0132523813,0.0907717778,0.0907709413,1.0000000000,1.0000000000
1.4600000000,0.0067004029,0.0067003972,0.0000000000,0.0000000035,0.0000000000,0.0000000001,0.0000000000,0.0000000001,3.0000000000,15.0000000000,0.0286363125,0.0286363575,0.0133417600,0.0133417604,0.0976675808,0.0976673026,1.0000000000,1.0000000000
1.4700000000,0.0067201762,0.0067201703,0.0000000000,0.0000000033,0.0000000000,0.0000000001,0.0000000000,0.0000000001,3.0000000000,15.0000000000,0.0277031667,0.0277031913,0.0134047088,0.0134047086,0.1430185127,0.1430183000,1.0000000000,1.0000000000
1.4800000000,0.0067411066,0.0067411010,0.0000000000,0.0000000066,0.0000000000,0.0000000001,0.0000000000,0.0000000001,3.0000000000,14.0000000000,0.0266679561,0.0266679581,0.0134218146,0.0134218139,0.1688856265,0.1688851151,1.0000000000,1.0000000000
1.4900000000,0.0067722419,0.0067722358,0.0000000021,0.0000000043,0.0000000000,0.0000000001,0.0000000000,0.0000000001,2.0000000000,12.0000000000,0.0254757316,0.0254757109,0.0133860656,0.0133860646,0.1557157065,0.1557148878,1.0000000000,1.0000000000
1.5000000000,0.0067681075,0.0067681010,0.0000000023,0.0000000084,0.0000000000,0.0000000001,0.0000000000,0.0000000001,2.0000000000,14.0000000000,0.0241926370,0.0241925952,0.0133089936,0.0133089926,0.1145112241,0.1145103148,1.0000000000,1.0000000000
1.5100000000,0.0067433363,0.0067433299,0.0000000000,0.0000000036,0.0000000000,0.0000000001,0.0000000000,0.0000000001,3.0000000000,15.0000000000,0.0229099114,0.0229098508,0.0132153268,0.0132153261,0.0913597073,0.0913591684,1.0000000000,1.0000000000
1.5200000000,0.0067497138,0.0067497077,0.0000000000,0.0000000037,0.0000000000,0.0000000001,0.0000000000,0.0000000001,3.0000000000,15.0000000000,0.0217178549,0.0217177743,0.0131332977,0.0131332976,0.1220441935,0.1220439589,1.0000000000,1.0000000000
1.5300000000,0.0067678762,0.0067678698,0.0000000000,0.0000000029,0.0000000000,0.0000000000,0.0000000000,0.0000000000,3.0000000000,15.0000000000,0.0205017927,0.0205016912,0.0130881498,0.0130881503,0.1583519245,0.1583515519,1.0000000000,1.0000000000
1.5400000000,0.0067911302,0.0067911242,0.0000000062,0.0000000039,0.0000000001,0.0000000001,0.0000000000,0.0000000001,2.0000000000,14.0000000000,0.0191684409,0.0191683161,0.0130944093,0.0130944103,0.1648781491,0.1648774687,1.0000000000,1.0000000000
1.5500000000,0.0068090875,0.0068090809,0.0000000012,0.0000000043,0.0000000000,0.0000000001,0.0000000000,0.0000000001,2.0000000000,14.0000000000,0.0176987336,0.0176985870,0.0131507132,0.0131507144,0.1372279917,0.1372271144,1.0000000000,1.0000000000
1.5600000000,0.0067950890,0.0067950822,0.0000000073,0.0000000031,0.0000000001,0.0000000001,0.0000000000,0.0000000001,2.0000000000,15.0000000000,0.0161786280,0.0161784615,0.0132388707,0.0132388718,0.1009280951,0.1009273443,1.0000000000,1.0000000000
1.5700000000,0.0067751183,0.0067751115,0.0000000000,0.0000000038,0.0000000000,0.0000000001,0.0000000000,0.0000000001,3.0000000000,15.0000000000,0.0147845099,0.0147843281,0.0133319777,0.0133319784,0.1064463919,0.1064460766,1.0000000000,1.0000000000
1.5800000000,0.0068001759,0.0068001693,0.0000000000,0.0000000040,0.0000000000,0.0000000001,0.0000000000,0.0000000001,3.0000000000,15.0000000000,0.0134013941,0.0134011926,0.0134012612,0.0134012613,0.1424891853,0.1424888919,1.0000000000,1.0000000000
1.5900000000,0.0068131234,0.0068131164,0.0000000000,0.0000000078,0.0000000000,0.0000000001,0.0000000000,0.0000000001,3.0000000000,14.0000000000,0.0120092551,0.0120090340,0.0134267247,0.0134267241,0.1639608373,0.1639603189,1.0000000000,1.0000000000
1.6000000000,0.0068346090,0.0068346023,0.0000000026,0.0000000083,0.0000000000,0.0000000001,0.0000000000,0.0000000001,2.0000000000,12.0000000000,0.0104969782,0.0104967357,0.0133998465,0.0133998455,0.1531550023,0.1531542185,1.0000000000,1.0000000000
1.6100000000,0.0068407456,0.0068407385,0.0000000022,0.0000000075,0.0000000000,0.0000000001,0.0000000000,0.0000000001,2.0000000000,14.0000000000,0.0088763850,0.0088761232,0.0133283340,0.0133283329,0.1188458115,0.1188449631,1.0000000000,1.0000000000
1.6200000000,0.0068231732,0.0068231660,0.0000000000,0.0000000037,0.0000000000,0.0000000001,0.0000000000,0.0000000001,3.0000000000,15.0000000000,0.0072557107,0.0072554328,0.0132346357,0.0132346347,0.1000399746,0.1000394669,1.0000000000,1.0000000000
1.6300000000,0.0068229342,0.0068229274,0.0000000000,0.0000000040,0.0000000000,0.0000000001,0.0000000000,0.0000000001,3.0000000000,15.0000000000,0.0057758478,0.0057755536,0.0131465058,0.0131465054,0.1253244089,0.1253241413,1.0000000000,1.0000000000
1.6400000000,0.0068496579,0.0068496507,0.0000000000,0.0000000037,0.0000000000,0.0000000001,0.0000000000,0.0000000001,3.0000000000,15.0000000000,0.0043235202,0.0043232091,0.0130917043,0.0130917046,0.1557950788,0.1557946645,1.0000000000,1.0000000000
1.6500000000,0.0068547811,0.0068547736,0.0000000062,0.0000000047,0.0000000001,0.0000000001,0.0000000000,0.0000000001,2.0000000000,14.0000000000,0.0028794541,0.0028791264,0.0130852642,0.0130852651,0.1618078873,0.1618072440,1.0000000000,1.0000000000
1.6600000000,0.0068734212,0.0068734141,0.0000000015,0.0000000083,0.0000000000,0.0000000001,0.0000000000,0.0000000001,2.0000000000,13.0000000000,0.0013156095,0.0013152644,0.0131301949,0.0131301962,0.1380967484,0.1380959424,1.0000000000,1.0000000000
1.6700000000,0.0068710758,0.0068710682,0.0000000054,0.0000000028,0.0000000001,0.0000000000,0.0000000000,0.0000000000,2.0000000000,15.0000000000,0.0003218667,0.0003222269,0.0132128591,0.0132128604,0.1061472383,0.1061465462,1.0000000000,1.0000000000
1.6800000000,0.0068543605,0.0068543529,0.0000000000,0.0000000040,0.0000000000,0.0000000001,0.0000000000,0.0000000001,3.0000000000,15.0000000000,0.0018907342,0.0018911036,0.0133078168,0.0133078178,0.1095691682,0.1095688525,1.0000000000,1.0000000000
1.6900000000,0.0068723500,0.0068723427,0.0000000000,0.0000000043,0.0000000000,0.0000000001,0.0000000000,0.0000000001,3.0000000000,15.0000000000,0.0033343783,0.0033347603,0.0133866134,0.0133866138,0.1420213348,0.1420210223,1.0000000000,1.0000000000
1.7000000000,0.0068963751,0.0068963674,0.0000000000,0.0000000033,0.0000000000,0.0000000001,0.0000000000,0.0000000001,3.0000000000,15.0000000000,0.0047233206,0.0047237154,0.0134250556,0.0134250553,0.1615648063,0.1615642616,1.0000000000,1.0000000000
1.7100000000,0.0068928783,0.0068928704,0.0000000027,0.0000000050,0.0000000000,0.0000000001,0.0000000000,0.0000000001,2.0000000000,13.0000000000,0.0060964982,0.0060969049,0.0134141672,0.0134141663,0.1531695661,0.1531688301,1.0000000000,1.0000000000
1.7200000000,0.0069078504,0.0069078428,0.0000000017,0.0000000050,0.0000000000,0.0000000001,0.0000000000,0.0000000001,2.0000000000,14.0000000000,0.0075818574,0.0075822764,0.0133558848,0.0133558836,0.1221211679,0.1221203963,1.0000000000,1.0000000000
1.7300000000,0.0069008148,0.0069008069,0.0000000000,0.0000000034,0.0000000000,0.0000000001,0.0000000000,0.0000000001,3.0000000000,15.0000000000,0.0091022119,0.0091026400,0.0132675343,0.0132675332,0.1017841783,0.1017837027,1.0000000000,1.0000000000
1.7400000000,0.0068887027,0.0068886953,0.0000000000,0.0000000041,0.0000000000,0.0000000001,0.0000000000,0.0000000001,3.0000000000,15.0000000000,0.0104648161,0.0104652515,0.0131750162,0.0131750155,0.1238611471,0.1238608715,1.0000000000,1.0000000000
1.7500000000,0.0069210647,0.0069210570,0.0000000000,0.0000000044,0.0000000000,0.0000000001,0.0000000000,0.0000000001,3.0000000000,15.0000000000,0.0117426703,0.0117431129,0.0131070022,0.0131070021,0.1543162578,0.1543158215,1.0000000000,1.0000000000
1.7600000000,0.0069396300,0.0069396218,0.0000000091,0.0000000089,0.0000000002,0.0000000001,0.0000000000,0.0000000001,2.0000000000,14.0000000000,0.0129447062,0.0129451565,0.0130837994,0.0130838000,0.1608284898,0.1608278223,1.0000000000,1.0000000000
1.7700000000,0.0069301822,0.0069301746,0.0000000014,0.0000000050,0.0000000000,0.0000000001,0.0000000000,0.0000000001,2.0000000000,13.0000000000,0.0141425072,0.0141429658,0.0131099488,0.0131099500,0.1397838351,0.1397829965,1.0000000000,1.0000000000
1.7800000000,0.0069390815,0.0069390734,0.0000000031,0.0000000074,0.0000000001,0.0000000001,0.0000000000,0.0000000001,2.0000000000,14.0000000000,0.0154307369,0.0154312018,0.0131788424,0.0131788439,0.1076170214,0.1076163164,1.0000000000,1.0000000000
1.7900000000,0.0069307188,0.0069307105,0.0000000000,0.0000000038,0.0000000000,0.0000000001,0.0000000000,0.0000000001,3.0000000000,15.0000000000,0.0167199714,0.0167204390,0.0132697131,0.0132697145,0.1055862886,0.1055860592,1.0000000000,1.0000000000
1.8000000000,0.0069335572,0.0069335495,0.0000000000,0.0000000042,0.0000000000,0.0000000001,0.0000000000,0.0000000001,3.0000000000,15.0000000000,0.0178420013,0.0178424702,0.0133562155,0.0133562164,0.1379427467,0.1379425404,1.0000000000,1.0000000000
1.8100000000,0.0069674558,0.0069674477,0.0000000000,0.0000000042,0.0000000000,0.0000000001,0.0000000000,0.0000000001,3.0000000000,15.0000000000,0.0188362434,0.0188367135,0.0134112823,0.0134112824,0.1611405358,0.1611400026,1.0000000000,1.0000000000
1.8200000000,0.0069785257,0.0069785171,0.0000000044,0.0000000062,0.0000000001,0.0000000001,0.0000000000,0.0000000001,2.0000000000,14.0000000000,0.0197541228,0.0197545949,0.0134195101,0.0134195095,0.1546879122,0.1546870892,1.0000000000,1.0000000000
1.8300000000,0.0069645837,0.0069645756,0.0000000012,0.0000000038,0.0000000000,0.0000000001,0.0000000000,0.0000000001,2.0000000000,14.0000000000,0.0206879030,0.0206883774,0.0133808652,0.0133808640,0.1242632489,0.1242623238,1.0000000000,1.0000000000
1.8400000000,0.0069690032,0.0069689948,0.0000000058,0.0000000095,0.0000000001,0.0000000002,0.0000000000,0.0000000002,2.0000000000,14.0000000000,0.0216890556,0.0216895299,0.0133058949,0.0133058934,0.0979405609,0.0979400495,1.0000000000,1.0000000000
1.8500000000,0.0069614071,0.0069613985,0.0000000000,0.0000000040,0.0000000000,0.0000000001,0.0000000000,0.0000000001,3.0000000000,15.0000000000,0.0226649483,0.0226654191,0.0132163019,0.0132163005,0.1148185680,0.1148185774,1.0000000000,1.0000000000
1.8600000000,0.0069781112,0.0069781033,0.0000000000,0.0000000043,0.0000000000,0.0000000001,0.0000000000,0.0000000001,3.0000000000,15.0000000000,0.0234481785,0.0234486440,0.0131379254,0.0131379247,0.1497902148,0.1497900220,1.0000000000,1.0000000000
1.8700000000,0.0070104730,0.0070104645,0.0000000000,0.0000000037,0.0000000000,0.0000000001,0.0000000000,0.0000000001,3.0000000000,15.0000000000,0.0240735696,0.0240740302,0.0130952159,0.0130952160,0.1629826181,0.1629819491,1.0000000000,1.0000000000
1.8800000000,0.0070133809,0.0070133718,0.0000000020,0.0000000033,0.0000000000,0.0000000001,0.0000000000,0.0000000001,2.0000000000,14.0000000000,0.0246420347,0.0246424918,0.0130996654,0.0130996664,0.1443069293,0.1443059270,1.0000000000,1.0000000000
1.8900000000,0.0069959179,0.0069959095,0.0000000018,0.0000000058,0.0000000000,0.0000000001,0.0000000000,0.0000000001,2.0000000000,14.0000000000,0.0252488976,0.0252493512,0.0131481314,0.0131481330,0.1081171833,0.1081162216,1.0000000000,1.0000000000
1.9000000000,0.0069978540,0.0069978453,0.0000000094,0.0000000031,0.0000000002,0.0000000001,0.0000000000,0.0000000001,2.0000000000,15.0000000000,0.0259029392,0.0259033867,0.0132269678,0.0132269696,0.0943141477,0.0943139563,1.0000000000,1.0000000000
1.9100000000,0.0069923441,0.0069923352,0.0000000000,0.0000000040,0.0000000000,0.0000000001,0.0000000000,0.0000000001,3.0000000000,15.0000000000,0.0264872685,0.0264877040,0.0133135885,0.0133135901,0.1264096215,0.1264098268,1.0000000000,1.0000000000
1.9200000000,0.0070213205,0.0070213123,0.0000000000,0.0000000044,0.0000000000,0.0000000001,0.0000000000,0.0000000001,3.0000000000,15.0000000000,0.0268646411,0.0268650649,0.0133821530,0.0133821539,0.1588452693,0.1588450535,1.0000000000,1.0000000000
1.9300000000,0.0070499309,0.0070499220,0.0000000081,0.0000000032,0.0000000001,0.0000000001,0.0000000000,0.0000000001,2.0000000000,15.0000000000,0.0270740710,0.0270744845,0.0134117798,0.0134117797,0.1609162686,0.1609154299,1.0000000000,1.0000000000
1.9400000000,0.0070450851,0.0070450754,0.0000000010,0.0000000095,0.0000000000,0.0000000002,0.0000000000,0.0000000002,2.0000000000,12.0000000000,0.0272603720,0.0272607774,0.0133956498,0.0133956487,0.1310623240,0.1310611233,1.0000000000,1.0000000000
1.9500000000,0.0070249155,0.0070249066,0.0000000030,0.0000000075,0.0000000001,0.0000000001,0.0000000000,0.0000000001,2.0000000000,14.0000000000,0.0275087257,0.0275091224,0.0133404633,0.0133404617,0.0928352625,0.0928343539,1.0000000000,1.0000000000
1.9600000000,0.0070260633,0.0070260541,0.0000000000,0.0000000034,0.0000000000,0.0000000001,0.0000000000,0.0000000001,3.0000000000,15.0000000000,0.0277915716,0.0277919572,0.0132615977,0.0132615959,0.0962903760,0.0962905799,1.0000000000,1.0000000000
1.9700000000,0.0070261695,0.0070261610,0.0000000000,0.0000000040,0.0000000000,0.0000000001,0.0000000000,0.0000000001,3.0000000000,15.0000000000,0.0279706298,0.0279709993,0.0131806895,0.0131806880,0.1379861308,0.1379864053,1.0000000000,1.0000000000
1.9800000000,0.0070625101,0.0070625016,0.0000000000,0.0000000044,0.0000000000,0.0000000001,0.0000000000,0.0000000001,3.0000000000,15.0000000000,0.0279113549,0.0279117070,0.0131221504,0.0131221498,0.1650185127,0.1650181354,1.0000000000,1.0000000000
1.9900000000,0.0070859771,0.0070859677,0.0000000042,0.0000000090,0.0000000001,0.0000000001,0.0000000000,0.0000000001,2.0000000000,14.0000000000,0.0276960503,0.0276963881,0.0131035228,0.0131035232,0.1560205601,0.1560194693,1.0000000000,1.0000000000
2.0000000000,0.0070743553,0.0070743453,0.0000000006,0.0000000051,0.0000000000,0.0000000001,0.0000000000,0.0000000001,2.0000000000,13.0000000000,0.0274990528,0.0274993792,0.0131286536,0.0131286550,0.1163139645,0.1163125722,1.0000000000,1.0000000000
